family,language,dialect,source,primary.source,poa.narrow,poa.broad,vot.category,vot,voice.contrast,notes,voice,in.ChodroffGoldenWilson2019
Indo-European,Afrikaans,NA,CoetzeePC,NA,NA,coronal,short.lag,15.91,yes,NA,voiceless,yes
Indo-European,Afrikaans,NA,CoetzeePC,NA,NA,dorsal,short.lag,13.27,yes,NA,voiceless,yes
Indo-European,Afrikaans,NA,CoetzeePC,NA,NA,coronal,lead,-113.77,yes,NA,voiced,yes
Indo-European,Afrikaans,NA,CoetzeePC,NA,NA,dorsal,lead,-103.25,yes,NA,voiced,yes
Indo-European,Afrikaans,NA,CoetzeePC,NA,NA,coronal,lead,12.69,yes,NA,voiced voiceless,yes
Indo-European,Afrikaans,NA,CoetzeePC,NA,NA,dorsal,lead,11.58,yes,NA,voiced voiceless,yes
Eskimo-Aleut,Aleut (Eastern),NA,ChoLadefoged1999,ChoLadefoged1999,alveolar,coronal,long.lag,59,no,NA,aspirated,yes
Eskimo-Aleut,Aleut (Eastern),NA,ChoLadefoged1999,ChoLadefoged1999,velar,dorsal,long.lag,75,no,NA,aspirated,yes
Eskimo-Aleut,Aleut (Eastern),NA,ChoLadefoged1999,ChoLadefoged1999,uvular,dorsal,long.lag,78,no,NA,aspirated,yes
Eskimo-Aleut,Aleut (Western),NA,ChoLadefoged1999,ChoLadefoged1999,alveolar,coronal,long.lag,76,no,NA,aspirated,yes
Eskimo-Aleut,Aleut (Western),NA,ChoLadefoged1999,ChoLadefoged1999,velar,dorsal,long.lag,95,no,NA,aspirated,yes
Eskimo-Aleut,Aleut (Western),NA,ChoLadefoged1999,ChoLadefoged1999,uvular,dorsal,long.lag,92,no,NA,aspirated,yes
Afro-Asiatic,Amharic,NA,Mekkonen2013,NA,NA,coronal,short.lag,42.1,yes,NA,voiceless,yes
Afro-Asiatic,Amharic,NA,Mekkonen2013,NA,NA,dorsal,short.lag,59.6,yes,NA,voiceless,yes
Afro-Asiatic,Amharic,NA,SeidEtAl,SeidEtAl,NA,labial,short.lag,19,yes,NA,voiceless,yes
Afro-Asiatic,Amharic,NA,SeidEtAl,SeidEtAl,NA,coronal,short.lag,25,yes,NA,voiceless,yes
Afro-Asiatic,Amharic,NA,SeidEtAl,SeidEtAl,NA,dorsal,short.lag,28,yes,NA,voiceless,yes
Na-Dene,Apache (Western),NA,ChoLadefoged1999,ChoLadefoged1999,velar,dorsal,long.lag,80,yes,NA,aspirated,yes
Na-Dene,Apache (Western),NA,ChoLadefoged1999,ChoLadefoged1999,alveolar,coronal,long.lag,58,yes,NA,aspirated,yes
Na-Dene,Apache (Western),NA,ChoLadefoged1999,ChoLadefoged1999,bilabial,labial,short.lag,13,yes,NA,unaspirated,yes
Na-Dene,Apache (Western),NA,ChoLadefoged1999,ChoLadefoged1999,alveolar,coronal,short.lag,15,yes,NA,unaspirated,yes
Na-Dene,Apache (Western),NA,ChoLadefoged1999,ChoLadefoged1999,velar,dorsal,short.lag,31,yes,NA,unaspirated,yes
Afro-Asiatic,Arabic,NA,Alshareef,Alshareef,NA,labial,lead,-64,yes,NA,voiced,yes
Afro-Asiatic,Arabic,NA,Alshareef,Alshareef,NA,coronal,lead,-71,yes,NA,voiced,yes
Afro-Asiatic,Arabic,NA,Alshareef,Alshareef,NA,dorsal,lead,-57,yes,NA,voiced,yes
Afro-Asiatic,Arabic,NA,Alshareef,Alshareef,NA,coronal,long.lag,33.5,yes,NA,voiceless,yes
Afro-Asiatic,Arabic,NA,Alshareef,Alshareef,NA,dorsal,long.lag,42.7,yes,NA,voiceless,yes
Tupian,Arara,NA,Alves2010,Alves2010,NA,labial,short.lag,15,yes,non-final position,voiceless unaspirated,yes
Tupian,Arara,NA,Alves2010,Alves2010,NA,coronal,short.lag,18,yes,non-final position,voiceless unaspirated,yes
Tupian,Arara,NA,Alves2010,Alves2010,NA,dorsal,short.lag,37,yes,non-final position,voiceless unaspirated,yes
Indo-European,Armenian (Eastern),NA,LiskerAbramson1964,LiskerAbramson1964,dental,coronal,long.lag,59,yes,NA,aspirated,yes
Indo-European,Armenian (Eastern),NA,LiskerAbramson1964,LiskerAbramson1964,velar,dorsal,short.lag,30,yes,NA,unaspirated,yes
Indo-European,Armenian (Eastern),NA,LiskerAbramson1964,LiskerAbramson1964,velar,dorsal,long.lag,98,yes,NA,aspirated,yes
Indo-European,Armenian (Eastern),NA,LiskerAbramson1964,LiskerAbramson1964,labial,labial,short.lag,3,yes,NA,unaspirated,yes
Indo-European,Armenian (Eastern),NA,LiskerAbramson1964,LiskerAbramson1964,dental,coronal,short.lag,15,yes,NA,unaspirated,yes
Indo-European,Armenian (Eastern),NA,LiskerAbramson1964,LiskerAbramson1964,labial,labial,long.lag,78,yes,NA,aspirated,yes
Indo-European,Assamese,Nalbaria,NathEtAl2014,NA,NA,labial,long.lag,58,yes,NA,aspirated,yes
Indo-European,Assamese,Nalbaria,NathEtAl2014,NA,NA,coronal,long.lag,65,yes,NA,aspirated,yes
Indo-European,Assamese,Nalbaria,NathEtAl2014,NA,NA,dorsal,long.lag,79,yes,NA,aspirated,yes
Indo-European,Assamese,Nalbaria,NathEtAl2014,NA,NA,labial,short.lag,24,yes,NA,unaspirated,yes
Indo-European,Assamese,Nalbaria,NathEtAl2014,NA,NA,dorsal,lead,-35,yes,NA,voiced,yes
Indo-European,Assamese,Nalbaria,NathEtAl2014,NA,NA,coronal,lead,-46,yes,NA,voiced,yes
Indo-European,Assamese,Nalbaria,NathEtAl2014,NA,NA,coronal,short.lag,21,yes,NA,unaspirated,yes
Indo-European,Assamese,Nalbaria,NathEtAl2014,NA,NA,dorsal,short.lag,34,yes,NA,unaspirated,yes
Indo-European,Assamese,Nalbaria,NathEtAl2014,NA,NA,labial,lead,-59,yes,NA,voiced,yes
Altaic,Azerbaijani,NA,Jahan2009,NA,labial,labial,long.lag,86.88,yes,NA,aspirated,yes
Altaic,Azerbaijani,NA,Jahan2009,NA,coronal,coronal,long.lag,87.09,yes,NA,aspirated,yes
Altaic,Azerbaijani,NA,Jahan2009,NA,dorsal,dorsal,long.lag,100.62,yes,NA,aspirated,yes
Altaic,Azerbaijani,NA,Jahan2009,NA,palatal,dorsal,long.lag,131.19,yes,NA,aspirated,yes
Altaic,Azerbaijani,NA,Jahan2009,NA,labial,labial,short.lag,10.64,yes,NA,unaspirated,yes
Altaic,Azerbaijani,NA,Jahan2009,NA,coronal,coronal,short.lag,13.35,yes,NA,unaspirated,yes
Altaic,Azerbaijani,NA,Jahan2009,NA,dorsal,dorsal,short.lag,26.25,yes,NA,unaspirated,yes
Altaic,Azerbaijani,NA,Jahan2009,NA,palatal,dorsal,short.lag,63.18,yes,NA,unaspirated,yes
Arauan,Banawa,NA,ChoLadefoged1999,LadefogedEtAl1997,dental,coronal,short.lag,22,yes,NA,unaspirated,yes
Arauan,Banawa,NA,ChoLadefoged1999,LadefogedEtAl1997,velar,dorsal,short.lag,44,yes,NA,unaspirated,yes
Austronesian,Belep,NA,McCracken2012,NA,velar,dorsal,short.lag,29,no,word.initial,voiceless,yes
Austronesian,Belep,NA,McCracken2012,NA,bilabial,labial,short.lag,19,no,word.initial,voiceless,yes
Austronesian,Belep,NA,McCracken2012,NA,alveolar,coronal,short.lag,15,no,word.initial,voiceless,yes
Austronesian,Belep,NA,McCracken2012,NA,palatal,dorsal,short.lag,39,no,word.initial,voiceless,yes
Indo-European,Bengali,Bangla,MandalEtAl2012,NA,NA,dorsal,long.lag,46.63,yes,NA,aspirated,yes
Indo-European,Bengali,Bangla,MandalEtAl2012,NA,retroflex,coronal,long.lag,44.05,yes,NA,aspirated,yes
Indo-European,Bengali,Bangla,MandalEtAl2012,NA,dental,coronal,long.lag,28.02,yes,NA,aspirated,yes
Indo-European,Bengali,Bangla,MandalEtAl2012,NA,NA,labial,long.lag,32.11,yes,NA,aspirated,yes
Indo-European,Bengali,Bangla,MandalEtAl2012,NA,NA,dorsal,short.lag,7.18,yes,NA,unaspirated,yes
Indo-European,Bengali,Bangla,MandalEtAl2012,NA,retroflex,coronal,short.lag,3.06,yes,NA,unaspirated,yes
Indo-European,Bengali,Bangla,MandalEtAl2012,NA,dental,coronal,short.lag,3.94,yes,NA,unaspirated,yes
Indo-European,Bengali,Bangla,MandalEtAl2012,NA,NA,labial,short.lag,3.59,yes,NA,unaspirated,yes
Indo-European,Bengali,East Bengali,MikuteitReetz2007,NA,dental,coronal,long.lag,66,yes,NA,voiceless aspirated,yes
Indo-European,Bengali,East Bengali,MikuteitReetz2007,NA,retroflex,coronal,long.lag,48,yes,NA,voiceless aspirated,yes
Indo-European,Bengali,East Bengali,MikuteitReetz2007,NA,velar,dorsal,long.lag,73,yes,NA,voiceless aspirated,yes
Indo-European,Bengali,East Bengali,MikuteitReetz2007,NA,bilabial,labial,short.lag,17,yes,NA,voiceless unaspirated,yes
Indo-European,Bengali,East Bengali,MikuteitReetz2007,NA,dental,coronal,short.lag,23,yes,NA,voiceless unaspirated,yes
Indo-European,Bengali,East Bengali,MikuteitReetz2007,NA,retroflex,coronal,short.lag,16,yes,NA,voiceless unaspirated,yes
Indo-European,Bengali,East Bengali,MikuteitReetz2007,NA,velar,dorsal,short.lag,36,yes,NA,voiceless unaspirated,yes
Indo-European,Bengali,East Bengali,MikuteitReetz2007,NA,bilabial,labial,short.lag,12,yes,NA,voiced unaspirated,yes
Indo-European,Bengali,East Bengali,MikuteitReetz2007,NA,dental,coronal,short.lag,18,yes,NA,voiced unaspirated,yes
Indo-European,Bengali,Bangla,MandalEtAl2012,NA,NA,dorsal,short.lag,4.47,yes,NA,voiced,yes
Indo-European,Bengali,Bangla,MandalEtAl2012,NA,retroflex,coronal,short.lag,3.31,yes,NA,voiced,yes
Indo-European,Bengali,Bangla,MandalEtAl2012,NA,dental,coronal,short.lag,3.03,yes,NA,voiced,yes
Indo-European,Bengali,Bangla,MandalEtAl2012,NA,NA,labial,short.lag,2.76,yes,NA,voiced,yes
Indo-European,Bengali,East Bengali,MikuteitReetz2007,NA,velar,dorsal,short.lag,22,yes,NA,voiced unaspirated,yes
Niger-Congo,Bowiri,NA,ChoLadefoged1999,ChoLadefoged1999,velar,dorsal,short.lag,39,yes,NA,unaspirated,yes
Niger-Congo,Bowiri,NA,ChoLadefoged1999,ChoLadefoged1999,alveolar,coronal,short.lag,18,yes,NA,unaspirated,yes
Niger-Congo,Bowiri,NA,ChoLadefoged1999,ChoLadefoged1999,bilabial,labial,short.lag,17,yes,NA,unaspirated,yes
Sino-Tibetan,Bunun,NA,Maddieson2004,MaddiesonZhangWright,NA,dorsal,short.lag,25,no,NA,unaspirated,yes
Sino-Tibetan,Bunun,NA,Maddieson2004,MaddiesonZhangWright,NA,coronal,short.lag,11,no,NA,unaspirated,yes
Sino-Tibetan,Bunun,NA,Maddieson2004,MaddiesonZhangWright,NA,labial,short.lag,11,no,NA,unaspirated,yes
Sino-Tibetan,Burmese,NA,Shimizu1989,Shimizu1989,NA,labial,long.lag,46,yes,NA,voiceless aspirated,yes
Sino-Tibetan,Burmese,NA,Shimizu1989,Shimizu1989,NA,coronal,long.lag,67,yes,NA,voiceless aspirated,yes
Sino-Tibetan,Burmese,NA,Shimizu1989,Shimizu1989,NA,dorsal,long.lag,76,yes,NA,voiceless aspirated,yes
Sino-Tibetan,Burmese,NA,Maddieson2004,Shimizu1996,NA,labial,short.lag,7,yes,NA,voiceless unaspirated,yes
Sino-Tibetan,Burmese,NA,Maddieson2004,Shimizu1996,NA,coronal,short.lag,16,yes,NA,voiceless unaspirated,yes
Sino-Tibetan,Burmese,NA,Maddieson2004,Shimizu1996,NA,dorsal,short.lag,31,yes,NA,voiceless unaspirated,yes
Sino-Tibetan,Burmese,NA,Shimizu1989,Shimizu1989,NA,labial,short.lag,3,yes,NA,voiceless unaspirated,yes
Sino-Tibetan,Burmese,NA,Shimizu1989,Shimizu1989,NA,coronal,short.lag,15,yes,NA,voiceless unaspirated,yes
Sino-Tibetan,Burmese,NA,Shimizu1989,Shimizu1989,NA,dorsal,short.lag,31,yes,NA,voiceless unaspirated,yes
Burushaski,Burushaski,NA,MarchalEtAl1977,NA,NA,labial,short.lag,0,yes,NA,unaspirated,yes
Burushaski,Burushaski,NA,MarchalEtAl1977,NA,NA,dorsal,short.lag,10.85,yes,NA,unaspirated,yes
Burushaski,Burushaski,NA,MarchalEtAl1977,NA,NA,labial,short.lag,0,yes,NA,voiced,yes
Burushaski,Burushaski,NA,MarchalEtAl1977,NA,NA,coronal,short.lag,0,yes,NA,voiced,yes
Burushaski,Burushaski,NA,MarchalEtAl1977,NA,NA,coronal,short.lag,10.15,yes,NA,unaspirated,yes
Burushaski,Burushaski,NA,MarchalEtAl1977,NA,NA,labial,long.lag,34.86,yes,NA,aspirated,yes
Burushaski,Burushaski,NA,MarchalEtAl1977,NA,NA,coronal,long.lag,54.6,yes,NA,aspirated,yes
Burushaski,Burushaski,NA,MarchalEtAl1977,NA,NA,dorsal,long.lag,41.1,yes,NA,aspirated,yes
Burushaski,Burushaski,NA,MarchalEtAl1977,NA,NA,dorsal,short.lag,0,yes,NA,voiced,yes
Sino-Tibetan,Cantonese,NA,Inglis2013,LiskerAbramson1964,labial,labial,long.lag,77,yes,NA,aspirated,yes
Sino-Tibetan,Cantonese,NA,Inglis2013,LiskerAbramson1964,dental,coronal,long.lag,75,yes,NA,aspirated,yes
Sino-Tibetan,Cantonese,NA,Inglis2013,LiskerAbramson1964,velar,dorsal,long.lag,87,yes,NA,aspirated,yes
Sino-Tibetan,Cantonese,NA,Inglis2013,LiskerAbramson1964,labial,labial,short.lag,9,yes,NA,unaspirated,yes
Sino-Tibetan,Cantonese,NA,Inglis2013,LiskerAbramson1964,dental,coronal,short.lag,14,yes,NA,unaspirated,yes
Sino-Tibetan,Cantonese,NA,Inglis2013,LiskerAbramson1964,velar,dorsal,short.lag,34,yes,NA,unaspirated,yes
Indo-European,Catalan,NA,RaphaelEtAl1995,Recasens1985,NA,coronal,short.lag,27,yes,NA,voiceless,yes
Indo-European,Catalan,NA,RaphaelEtAl1995,Recasens1985,NA,labial,short.lag,23,yes,NA,voiceless,yes
Indo-European,Catalan,NA,RaphaelEtAl1995,Recasens1985,NA,dorsal,short.lag,47,yes,NA,voiceless,yes
Muskogean,Chickasaw,NA,ChoLadefoged1999,ChoLadefoged1999,bilabial,labial,short.lag,13,yes,NA,unaspirated,yes
Muskogean,Chickasaw,NA,ChoLadefoged1999,ChoLadefoged1999,alveolar,coronal,short.lag,22,yes,NA,unaspirated,yes
Muskogean,Chickasaw,NA,ChoLadefoged1999,ChoLadefoged1999,velar,dorsal,short.lag,36,yes,NA,unaspirated,yes
Muskogean,Chickasaw,NA,GordonEtAl,NA,NA,labial,short.lag,12,yes,NA,voiceless,yes
Muskogean,Chickasaw,NA,GordonEtAl,NA,NA,coronal,short.lag,21,yes,NA,voiceless,yes
Muskogean,Chickasaw,NA,GordonEtAl,NA,NA,dorsal,short.lag,36,yes,NA,voiceless,yes
Indo-European,Croatian,NA,Troselj,Troselj2016,NA,labial,short.lag,20,yes,"monolingual, L1: Croatian",voiceless,yes
Indo-European,Croatian,NA,Troselj,Bakran1996,NA,dorsal,short.lag,25,yes,"monolingual, L1: Croatian",voiceless,yes
Indo-European,Croatian,NA,Troselj,Bakran1996,NA,coronal,short.lag,19,yes,"monolingual, L1: Croatian",voiceless,yes
Indo-European,Croatian,NA,Troselj,Troselj2016,NA,coronal,short.lag,21,yes,"monolingual, L1: Croatian",voiceless,yes
Indo-European,Croatian,NA,Troselj,Troselj2016,NA,dorsal,short.lag,57,yes,"monolingual, L1: Croatian",voiceless,yes
Indo-European,Croatian,NA,Troselj,Bakran1996,NA,labial,short.lag,15,yes,"monolingual, L1: Croatian",voiceless,yes
Afro-Asiatic,Dahalo,NA,ChoLadefoged1999,ChoLadefoged1999,bilabial,labial,short.lag,20,yes,NA,unaspirated,yes
Afro-Asiatic,Dahalo,NA,ChoLadefoged1999,ChoLadefoged1999,dental,coronal,short.lag,15,yes,NA,unaspirated,yes
Afro-Asiatic,Dahalo,NA,ChoLadefoged1999,ChoLadefoged1999,alveolar,coronal,short.lag,42,yes,NA,unaspirated,yes
Afro-Asiatic,Dahalo,NA,ChoLadefoged1999,ChoLadefoged1999,velar,dorsal,short.lag,27,yes,NA,unaspirated,yes
Indo-European,Danish,NA,MortensenTondering,MortensenTondering,NA,labial,short.lag,19,yes,before.high.V,voiced,yes
Indo-European,Danish,NA,MortensenTondering,MortensenTondering,NA,labial,short.lag,18,yes,before.mid.V,voiced,yes
Indo-European,Danish,NA,MortensenTondering,MortensenTondering,NA,labial,short.lag,12.7,yes,before.low.V,voiced,yes
Indo-European,Danish,NA,MortensenTondering,MortensenTondering,NA,coronal,short.lag,21,yes,before.mid.V,voiced,yes
Indo-European,Danish,NA,MortensenTondering,MortensenTondering,NA,coronal,short.lag,18.4,yes,before.low.V,voiced,yes
Indo-European,Danish,NA,MortensenTondering,MortensenTondering,NA,labial,long.lag,70.1,yes,before.high.V,voiceless,yes
Indo-European,Danish,NA,MortensenTondering,MortensenTondering,NA,labial,long.lag,67.8,yes,before.low.V,voiceless,yes
Indo-European,Danish,NA,MortensenTondering,MortensenTondering,NA,coronal,long.lag,83.8,yes,before.low.V,voiceless,yes
Indo-European,Danish,NA,MortensenTondering,MortensenTondering,NA,labial,long.lag,65,yes,before.mid.V,voiceless,yes
Indo-European,Danish,NA,MortensenTondering,MortensenTondering,NA,coronal,long.lag,86.6,yes,before.high.V,voiceless,yes
Indo-European,Danish,NA,MortensenTondering,MortensenTondering,NA,coronal,long.lag,86.4,yes,before.mid.V,voiceless,yes
Indo-European,Danish,NA,MortensenTondering,MortensenTondering,NA,dorsal,long.lag,80.1,yes,before.high.V,voiceless,yes
Indo-European,Danish,NA,MortensenTondering,MortensenTondering,NA,dorsal,long.lag,62.7,yes,before.mid.V,voiceless,yes
Indo-European,Danish,NA,MortensenTondering,MortensenTondering,NA,dorsal,long.lag,66.3,yes,before.low.V,voiceless,yes
Indo-European,Danish,NA,MortensenTondering,MortensenTondering,NA,dorsal,short.lag,28.8,yes,before.mid.V,voiced,yes
Indo-European,Danish,NA,MortensenTondering,MortensenTondering,NA,coronal,short.lag,25.9,yes,before.high.V,voiced,yes
Indo-European,Danish,NA,MortensenTondering,MortensenTondering,NA,dorsal,short.lag,36,yes,before.high.V,voiced,yes
Indo-European,Danish,NA,MortensenTondering,MortensenTondering,NA,dorsal,short.lag,27.4,yes,before.low.V,voiced,yes
Ijoid,Defaka,NA,ChoLadefoged1999,ChoLadefoged1999,bilabial,labial,short.lag,18,yes,NA,unaspirated,yes
Ijoid,Defaka,NA,ChoLadefoged1999,ChoLadefoged1999,alveolar,coronal,short.lag,20,yes,NA,unaspirated,yes
Ijoid,Defaka,NA,ChoLadefoged1999,ChoLadefoged1999,velar,dorsal,short.lag,30,yes,NA,unaspirated,yes
Indo-European,Dutch,NA,Allen2016,NA,alveolar,coronal,long.lag,29.7,yes,NA,fortis,yes
Indo-European,Dutch,NA,vanAlphenSmits2004,vanAlphenSmits2004,velar,dorsal,long.lag,91.8,yes,post(wordreading),voiceless,yes
Indo-European,Dutch,NA,Allen2016,NA,velar,dorsal,long.lag,39.49,yes,NA,fortis,yes
Indo-European,Dutch,NA,Allen2016,VanAlphenSmits2004,labial,labial,long.lag,18.91,yes,NA,fortis,yes
Indo-European,Dutch,NA,Allen2016,VanAlphenSmits2004,alveolar,coronal,long.lag,31.39,yes,NA,fortis,yes
Indo-European,Dutch,NA,StoehrEtAl2017,NA,NA,dorsal,long.lag,28,yes,NA,voiceless,yes
Indo-European,Dutch,NA,vanAlphenSmits2004,vanAlphenSmits2004,bilabial,labial,long.lag,46.7,yes,pre-test,voiceless,yes
Indo-European,Dutch,NA,StoehrEtAl2017,NA,NA,labial,long.lag,8,yes,NA,voiceless,yes
Indo-European,Dutch,NA,StoehrEtAl2017,NA,NA,coronal,long.lag,21,yes,NA,voiceless,yes
Indo-European,Dutch,NA,Allen2016,NA,labial,labial,long.lag,17.45,yes,NA,fortis,yes
Indo-European,Dutch,NA,vanAlphenSmits2004,vanAlphenSmits2004,alveolar,coronal,long.lag,89.4,yes,post(wordreading),voiceless,yes
Indo-European,Dutch,NA,vanAlphenSmits2004,vanAlphenSmits2004,velar,dorsal,long.lag,68.2,yes,pre-test,voiceless,yes
Indo-European,Dutch,NA,vanAlphenSmits2004,vanAlphenSmits2004,velar,dorsal,long.lag,84.9,yes,post(picturenaming),voiceless,yes
Indo-European,Dutch,NA,Allen2016,NA,alveolar,coronal,short.lag,21.41,yes,NA,lenis,yes
Indo-European,Dutch,NA,Allen2016,NA,labial,labial,short.lag,14.44,yes,NA,lenis,yes
Indo-European,Dutch,NA,StoehrEtAl2017,NA,NA,coronal,short.lag,13,yes,NA,short-lag,yes
Indo-European,Dutch,NA,Allen2016,VanAlphenSmits2004,labial,labial,short.lag,11.55,yes,NA,lenis,yes
Indo-European,Dutch,NA,Allen2016,VanAlphenSmits2004,alveolar,coronal,short.lag,18.52,yes,NA,lenis,yes
Indo-European,Dutch,NA,LiskerAbramson1964,LiskerAbramson1964,bilabial,labial,short.lag,10,yes,NA,unaspirated,yes
Indo-European,Dutch,NA,LiskerAbramson1964,LiskerAbramson1964,dental,coronal,short.lag,15,yes,NA,unaspirated,yes
Indo-European,Dutch,NA,LiskerAbramson1964,LiskerAbramson1964,velar,dorsal,short.lag,25,yes,NA,unaspirated,yes
Indo-European,Dutch,NA,Simon2010,Simon2010,NA,labial,short.lag,12,yes,NA,voiceless,yes
Indo-European,Dutch,NA,Simon2010,Simon2010,NA,coronal,short.lag,23,yes,NA,voiceless,yes
Indo-European,Dutch,NA,Simon2010,Simon2010,NA,dorsal,short.lag,29,yes,NA,voiceless,yes
Indo-European,Dutch,NA,Simon2010,NA,NA,labial,short.lag,12,yes,NA,voiceless,yes
Indo-European,Dutch,NA,Simon2010,NA,NA,coronal,short.lag,23,yes,NA,voiceless,yes
Indo-European,Dutch,NA,Simon2010,NA,NA,dorsal,short.lag,29,yes,NA,voiceless,yes
Indo-European,Dutch,NA,StoehrEtAl2017,NA,NA,labial,short.lag,5,yes,NA,short-lag,yes
Indo-European,Dutch,NA,vanAlphenSmits2004,vanAlphenSmits2004,alveolar,coronal,long.lag,64,yes,pre-test,voiceless,yes
Indo-European,Dutch,NA,vanAlphenSmits2004,vanAlphenSmits2004,alveolar,coronal,long.lag,87.6,yes,post(picturenaming),voiceless,yes
Indo-European,Dutch,NA,vanAlphenSmits2004,vanAlphenSmits2004,bilabial,labial,long.lag,64.1,yes,post(picturenaming),voiceless,yes
Indo-European,Dutch,NA,vanAlphenSmits2004,vanAlphenSmits2004,bilabial,labial,long.lag,77.4,yes,post(wordreading),voiceless,yes
Indo-European,English,American,AwanStine,NA,NA,labial,long.lag,73.61,yes,NA,voiceless,yes
Indo-European,English,American,AwanStine,NA,NA,coronal,long.lag,86.63,yes,NA,voiceless,yes
Indo-European,English,American,ChodroffWilson2017,NA,NA,labial,long.lag,89,yes,isolated (carrier phrase),aspirated,yes
Indo-European,English,American,ChodroffWilson2017,NA,NA,coronal,long.lag,98,yes,isolated (carrier phrase),aspirated,yes
Indo-European,English,American,ChodroffWilson2017,NA,NA,dorsal,long.lag,99,yes,isolated (carrier phrase),aspirated,yes
Indo-European,English,American,FlegePort,NA,NA,dorsal,long.lag,67,yes,L1: English,voiceless,yes
Indo-European,English,American,Knoll2015,Klatt1975,bilabial,labial,long.lag,47,yes,NA,aspirated,yes
Indo-European,English,American,Knoll2015,Kopczynski1977,bilabial,labial,long.lag,82.5,yes,NA,aspirated,yes
Indo-European,English,American,RineyEtAl2007,NA,labial,labial,long.lag,78.2,yes,NA,voiceless,yes
Indo-European,English,American,Knoll2015,Klatt1975,alveolar,coronal,long.lag,65,yes,NA,aspirated,yes
Indo-European,English,American,FishEtAl2017,NA,NA,labial,long.lag,74.34,yes,"adult directed speech, in context",aspirated,yes
Indo-European,English,American,FishEtAl2017,NA,NA,coronal,long.lag,101,yes,"adult directed speech, in context",aspirated,yes
Indo-European,English,American,FishEtAl2017,NA,NA,labial,long.lag,96.04,yes,"infant directed speech, in context",aspirated,yes
Indo-European,English,American,FishEtAl2017,NA,NA,coronal,long.lag,130.1,yes,"infant directed speech, in context",aspirated,yes
Indo-European,English,American,ChodroffWilson2017,NA,NA,labial,long.lag,51,yes,connected read speech,aspirated,yes
Indo-European,English,American,ChodroffWilson2017,NA,NA,coronal,long.lag,61,yes,connected read speech,aspirated,yes
Indo-European,English,American,ChodroffWilson2017,NA,NA,dorsal,long.lag,56,yes,connected read speech,aspirated,yes
Indo-European,English,American,FlegePort,NA,NA,coronal,long.lag,56,yes,L1: English,voiceless,yes
Indo-European,English,American,LiskerAbramson1964,LiskerAbramson1964,bilabial,labial,long.lag,58,yes,NA,aspirated,yes
Indo-European,English,American,LiskerAbramson1964,LiskerAbramson1964,alveolar,coronal,long.lag,70,yes,NA,aspirated,yes
Indo-European,English,American,LiskerAbramson1964,LiskerAbramson1964,velar,dorsal,long.lag,80,yes,NA,aspirated,yes
Indo-European,English,American,AuzouEtAl2000,CarusoBurton1987,NA,labial,long.lag,62.5,yes,NA,voiceless,yes
Indo-European,English,American,RineyEtAl2007,NA,coronal,coronal,long.lag,94.8,yes,NA,voiceless,yes
Indo-European,English,American,RineyEtAl2007,NA,dorsal,dorsal,long.lag,102.8,yes,NA,voiceless,yes
Indo-European,English,American,Yang1993,NA,NA,coronal,long.lag,95,yes,NA,voiceless,yes
Indo-European,English,American,AuzouEtAl2000,MorrisBrown1987,NA,coronal,long.lag,65,yes,NA,voiceless,yes
Indo-European,English,American,AuzouEtAl2000,CarusoBurton1987,NA,coronal,long.lag,71.9,yes,NA,voiceless,yes
Indo-European,English,American,AuzouEtAl2000,CarusoBurton1987,NA,dorsal,long.lag,74.8,yes,NA,voiceless,yes
Indo-European,English,American,AuzouEtAl2000,MorrisBrown1987,NA,labial,long.lag,70,yes,NA,voiceless,yes
Indo-European,English,American,Simental2014,NA,NA,labial,long.lag,48.6,yes,NA,voiceless,yes
Indo-European,English,American,Simental2014,Morgan2011,bilabial,labial,long.lag,72.2,yes,NA,aspirated,yes
Indo-European,English,American,Simental2014,Morgan2011,alveolar,coronal,long.lag,78.8,yes,NA,aspirated,yes
Indo-European,English,American,Simental2014,Morgan2011,velar,dorsal,long.lag,63.7,yes,NA,aspirated,yes
Indo-European,English,American,Byrd1993,Byrd1993,bilabial,labial,long.lag,44,yes,NA,aspirated,yes
Indo-European,English,American,Byrd1993,Byrd1993,alveolar,coronal,long.lag,49,yes,NA,aspirated,yes
Indo-European,English,American,Knoll2015,Kopczynski1977,alveolar,coronal,long.lag,84,yes,NA,aspirated,yes
Indo-European,English,American,Yang1993,NA,NA,labial,long.lag,77,yes,NA,voiceless,yes
Indo-European,English,American,Knoll2015,Kopczynski1977,velar,dorsal,long.lag,71,yes,NA,aspirated,yes
Indo-European,English,American,Davis1991,NA,velar,dorsal,long.lag,92.44,yes,adult,voiceless,yes
Indo-European,English,American,Byrd1993,Byrd1993,velar,dorsal,long.lag,52,yes,NA,aspirated,yes
Indo-European,English,American,Kozminska2015,Yao2007,NA,dorsal,long.lag,58,yes,NA,voiceless,yes
Indo-European,English,American,Yang1993,NA,NA,dorsal,long.lag,88,yes,NA,voiceless,yes
Indo-European,English,American,FlegePort,NA,NA,labial,long.lag,46,yes,L1: English,voiceless,yes
Indo-European,English,American,Simental2014,NA,NA,coronal,long.lag,55.6,yes,NA,voiceless,yes
Indo-European,English,American,Kozminska2015,Yao2007,NA,labial,long.lag,48,yes,NA,voiceless,yes
Indo-European,English,American,Knoll2015,Klatt1975,velar,dorsal,long.lag,70,yes,NA,aspirated,yes
Indo-European,English,American,Simental2014,NA,NA,dorsal,long.lag,64.2,yes,NA,voiceless,yes
Indo-European,English,American,Kozminska2015,Yao2007,NA,coronal,long.lag,51,yes,NA,voiceless,yes
Indo-European,English,American,FishEtAl2017,NA,NA,coronal,lead,32,yes,"infant directed speech, in context",unaspirated,yes
Indo-European,English,American,Sokolovic-Perovic,Smith1978,NA,dorsal,lead,-65,yes,NA,voiced,yes
Indo-European,English,American,Yang1993,NA,NA,labial,lead,-78,yes,NA,voiced,yes
Indo-European,English,American,FishEtAl2017,NA,NA,labial,lead,13,yes,"adult directed speech, in isolation",unaspirated,yes
Indo-European,English,American,FishEtAl2017,NA,NA,labial,lead,23.7,yes,"infant directed speech, in isolation",unaspirated,yes
Indo-European,English,American,Yang1993,NA,NA,coronal,lead,-91,yes,NA,voiced,yes
Indo-European,English,American,Sokolovic-Perovic,Smith1978,NA,coronal,lead,-71,yes,NA,voiced,yes
Indo-European,English,American,AuzouEtAl2000,CarusoBurton1987,NA,coronal,lead,21.4,yes,NA,voiced,yes
Indo-European,English,American,Yang1993,NA,NA,dorsal,lead,-78,yes,NA,voiced,yes
Indo-European,English,American,ChodroffWilson2017,NA,NA,coronal,lead,14,yes,connected read speech,unaspirated,yes
Indo-European,English,American,Yang1993,NA,NA,dorsal,lead,32,yes,NA,unaspirated,yes
Indo-European,English,American,FishEtAl2017,NA,NA,labial,lead,11.71,yes,"adult directed speech, in context",unaspirated,yes
Indo-European,English,American,Sokolovic-Perovic,Smith1978,NA,dorsal,lead,26,yes,NA,unaspirated,yes
Indo-European,English,American,FishEtAl2017,NA,NA,labial,lead,27.36,yes,"infant directed speech, in context",unaspirated,yes
Indo-European,English,American,FishEtAl2017,NA,NA,coronal,lead,20.86,yes,"adult directed speech, in isolation",unaspirated,yes
Indo-European,English,American,Sokolovic-Perovic,Smith1978,NA,labial,lead,11,yes,NA,unaspirated,yes
Indo-European,English,American,FishEtAl2017,NA,NA,coronal,lead,21.81,yes,"adult directed speech, in context",unaspirated,yes
Indo-European,English,American,FishEtAl2017,NA,NA,coronal,lead,27.78,yes,"infant directed speech, in isolation",unaspirated,yes
Indo-European,English,American,FishEtAl2017,NA,NA,labial,lead,-67.21,yes,"adult directed speech, in context",voiced,yes
Indo-European,English,American,FishEtAl2017,NA,NA,coronal,lead,-122.06,yes,"adult directed speech, in context",voiced,yes
Indo-European,English,American,FishEtAl2017,NA,NA,labial,lead,-115,yes,"infant directed speech, in context",voiced,yes
Indo-European,English,American,FishEtAl2017,NA,NA,coronal,lead,-158.3,yes,"infant directed speech, in context",voiced,yes
Indo-European,English,American,Yang1993,NA,NA,labial,lead,17,yes,NA,unaspirated,yes
Indo-European,English,American,FishEtAl2017,NA,NA,labial,lead,-86,yes,"adult directed speech, in isolation",voiced,yes
Indo-European,English,American,FishEtAl2017,NA,NA,coronal,lead,-107.7,yes,"adult directed speech, in isolation",voiced,yes
Indo-European,English,American,FishEtAl2017,NA,NA,labial,lead,-138.5,yes,"infant directed speech, in isolation",voiced,yes
Indo-European,English,American,FishEtAl2017,NA,NA,coronal,lead,-173.4,yes,"infant directed speech, in isolation",voiced,yes
Indo-European,English,American,ChodroffWilson2017,NA,NA,labial,lead,8,yes,connected read speech,unaspirated,yes
Indo-European,English,American,Sokolovic-Perovic,Smith1978,NA,labial,lead,-74,yes,NA,voiced,yes
Indo-European,English,American,Byrd1993,Byrd1993,bilabial,labial,lead,18,yes,NA,unaspirated,yes
Indo-European,English,American,Sokolovic-Perovic,Smith1978,NA,coronal,lead,18,yes,NA,unaspirated,yes
Indo-European,English,American,Byrd1993,Byrd1993,alveolar,coronal,lead,24,yes,NA,unaspirated,yes
Indo-European,English,American,Yang1993,NA,NA,coronal,lead,20,yes,NA,unaspirated,yes
Indo-European,English,American,Byrd1993,Byrd1993,velar,dorsal,lead,27,yes,NA,unaspirated,yes
Indo-European,English,American,Davis1991,NA,velar,dorsal,lead,30.73,yes,"adult, these are the post-release VOT values -- the paper also gives lead VOT values",voiced,yes
Indo-European,English,American,AuzouEtAl2000,CarusoBurton1987,NA,dorsal,lead,35.2,yes,NA,voiced,yes
Indo-European,English,American,ChodroffWilson2017,NA,NA,labial,lead,13,yes,isolated (carrier phrase),unaspirated,yes
Indo-European,English,American,ChodroffWilson2017,NA,NA,coronal,lead,21,yes,isolated (carrier phrase),unaspirated,yes
Indo-European,English,American,ChodroffWilson2017,NA,NA,dorsal,lead,28,yes,isolated (carrier phrase),unaspirated,yes
Indo-European,English,American,AuzouEtAl2000,MorrisBrown1987,NA,labial,lead,10,yes,NA,voiced,yes
Indo-European,English,American,ChodroffWilson2017,NA,NA,dorsal,lead,17,yes,connected read speech,unaspirated,yes
Indo-European,English,American,AuzouEtAl2000,CarusoBurton1987,NA,labial,lead,19.7,yes,NA,voiced,yes
Indo-European,English,American,AuzouEtAl2000,MorrisBrown1987,NA,coronal,lead,0,yes,NA,voiced,yes
Indo-European,English,Australian,AntoniouEtAl2008,NA,NA,labial,long.lag,77,yes,NA,voiceless,yes
Indo-European,English,Australian,AntoniouEtAl2008,NA,NA,coronal,long.lag,92,yes,NA,voiceless,yes
Indo-European,English,Australian,AntoniouEtAl2008,NA,NA,labial,short.lag,0,yes,NA,voiced,yes
Indo-European,English,Australian,AntoniouEtAl2008,NA,NA,coronal,short.lag,5,yes,NA,voiced,yes
Indo-European,English,British,AuzouEtAl2000,HardcastleEtAl1985,NA,coronal,long.lag,80,yes,NA,voiceless,yes
Indo-European,English,British,AuzouEtAl2000,HardcastleEtAl1985,NA,labial,long.lag,65.3,yes,NA,voiceless,yes
Indo-European,English,British,Knoll2015,Docherty1992,alveolar,coronal,long.lag,64,yes,NA,aspirated,yes
Indo-European,English,British,Knoll2015,Docherty1992,bilabial,labial,long.lag,42,yes,NA,aspirated,yes
Indo-European,English,British,DeterdingNolan2007,NA,NA,dorsal,long.lag,97.3,yes,NA,aspirated,yes
Indo-European,English,British,Knoll2015,Docherty1992,velar,dorsal,long.lag,62,yes,NA,aspirated,yes
Indo-European,English,British,Sokolovic-Perovic,Docherty1992,NA,labial,long.lag,42,yes,NA,voiceless,yes
Indo-European,English,British,MayrMontanari2015,McCarthyEtAl2013,bilabial,labial,long.lag,39,yes,NA,aspirated,yes
Indo-European,English,British,AuzouEtAl2000,HardcastleEtAl1985,NA,dorsal,long.lag,82.8,yes,NA,voiceless,yes
Indo-European,English,British,MayrMontanari2015,McCarthyEtAl2013,velar,dorsal,long.lag,65,yes,NA,aspirated,yes
Indo-European,English,British,Sokolovic-Perovic,Docherty1992,NA,coronal,long.lag,67,yes,NA,voiceless,yes
Indo-European,English,British,Sokolovic-Perovic,Docherty1992,NA,dorsal,long.lag,66,yes,NA,voiceless,yes
Indo-European,English,British,MayrMontanari2015,McCarthyEtAl2013,alveolar,coronal,long.lag,58,yes,NA,aspirated,yes
Indo-European,English,British,DeterdingNolan2007,NA,NA,labial,long.lag,71.4,yes,NA,aspirated,yes
Indo-European,English,British,DeterdingNolan2007,NA,NA,coronal,long.lag,80.4,yes,NA,aspirated,yes
Indo-European,English,British,DeterdingNolan2007,NA,NA,dorsal,short.lag,29.3,yes,NA,unaspirated,yes
Indo-European,English,British,Sokolovic-Perovic,Docherty1992,NA,coronal,short.lag,33,yes,NA,unaspirated,yes
Indo-European,English,British,DeterdingNolan2007,NA,NA,coronal,short.lag,17.7,yes,NA,unaspirated,yes
Indo-European,English,British,Sokolovic-Perovic,Docherty1992,NA,labial,short.lag,25,yes,NA,unaspirated,yes
Indo-European,English,British,AuzouEtAl2000,HardcastleEtAl1985,NA,labial,short.lag,16.9,yes,NA,voiced,yes
Indo-European,English,British,AuzouEtAl2000,HardcastleEtAl1985,NA,coronal,short.lag,15.7,yes,NA,voiced,yes
Indo-European,English,British,DeterdingNolan2007,NA,NA,labial,short.lag,11,yes,NA,unaspirated,yes
Indo-European,English,British,Sokolovic-Perovic,Docherty1992,NA,dorsal,short.lag,40,yes,NA,unaspirated,yes
Indo-European,English,British,AuzouEtAl2000,HardcastleEtAl1985,NA,dorsal,short.lag,21.3,yes,NA,voiced,yes
Indo-European,English,Canadian,Sokolovic-Perovic,CaramazzaEtAl1973,NA,dorsal,long.lag,90,yes,NA,voiceless,yes
Indo-European,English,Canadian,Banov2014,CaramazzaEtAl1973,alveolar,coronal,long.lag,70,yes,NA,aspirated,yes
Indo-European,English,Canadian,Banov2014,CaramazzaEtAl1973,bilabial,labial,long.lag,62,yes,NA,aspirated,yes
Indo-European,English,Canadian,Sokolovic-Perovic,CaramazzaEtAl1973,NA,coronal,long.lag,70,yes,NA,voiceless,yes
Indo-European,English,Canadian,Banov2014,CaramazzaEtAl1973,velar,dorsal,long.lag,90,yes,NA,aspirated,yes
Indo-European,English,Canadian,AuzouEtAl2000,BaumRyan1993,NA,coronal,long.lag,95,yes,NA,voiceless,yes
Indo-European,English,Canadian,Sokolovic-Perovic,CaramazzaEtAl1973,NA,labial,long.lag,62,yes,NA,voiceless,yes
Indo-European,English,Canadian,AuzouEtAl2000,BaumRyan1993,NA,labial,long.lag,85,yes,NA,voiceless,yes
Indo-European,English,Canadian,AuzouEtAl2000,BaumRyan1993,NA,dorsal,long.lag,110,yes,NA,voiceless,yes
Indo-European,English,Canadian,AuzouEtAl2000,BaumRyan1993,NA,coronal,short.lag,15,yes,NA,voiced,yes
Indo-European,English,Canadian,AuzouEtAl2000,BaumRyan1993,NA,dorsal,short.lag,30,yes,NA,voiced,yes
Indo-European,English,Canadian,AuzouEtAl2000,BaumRyan1993,NA,labial,short.lag,10,yes,NA,voiced,yes
Indo-European,English,General,SimackovaPodlipsky2015,NA,NA,coronal,long.lag,68,yes,data from British and American speakers,voiceless aspirated,yes
Indo-European,English,General,SimackovaPodlipsky2015,NA,NA,labial,long.lag,53,yes,data from British and American speakers,voiceless aspirated,yes
Indo-European,English,Indian,AwanStine,NA,NA,coronal,short.lag,36.02,yes,NA,voiceless,yes
Indo-European,English,Indian,AwanStine,NA,NA,labial,short.lag,24.4,yes,NA,voiceless,yes
Indo-European,English,American,FishEtAl2017,NA,NA,labial,long.lag,76.21,yes,"adult directed speech, in isolation",aspirated,yes
Indo-European,English,American,FishEtAl2017,NA,NA,coronal,long.lag,91.41,yes,"adult directed speech, in isolation",aspirated,yes
Indo-European,English,American,FishEtAl2017,NA,NA,labial,long.lag,94.52,yes,"infant directed speech, in isolation",aspirated,yes
Indo-European,English,American,FishEtAl2017,NA,NA,coronal,long.lag,113.9,yes,"infant directed speech, in isolation",aspirated,yes
Indo-European,English,NA,SimackovaPodlipsky2015,NA,NA,labial,long.lag,58,yes,"bilingual Czech, intended /p t/",voiceless aspirated,yes
Indo-European,English,NA,SimackovaPodlipsky2015,NA,NA,coronal,long.lag,71,yes,"bilingual Czech, intended /p t/",voiceless aspirated,yes
Indo-European,English,NA,Vanlocke2011,Hawkins1979,bilabial,labial,long.lag,47,yes,NA,aspirated,yes
Indo-European,English,NA,Vanlocke2011,Suomi1980,bilabial,labial,long.lag,40,yes,NA,aspirated,yes
Indo-European,English,NA,Vanlocke2011,Docherty1992,bilabial,labial,long.lag,45.74,yes,NA,aspirated,yes
Indo-European,English,NA,Vanlocke2011,Simon2010,bilabial,labial,long.lag,80,yes,NA,aspirated,yes
Indo-European,English,NA,Vanlocke2011,Hawkins1979,alveolar,coronal,long.lag,68,yes,NA,aspirated,yes
Indo-European,English,NA,Vanlocke2011,Suomi1980,alveolar,coronal,long.lag,55,yes,NA,aspirated,yes
Indo-European,English,NA,Vanlocke2011,Docherty1992,velar,dorsal,long.lag,66.09,yes,NA,aspirated,yes
Indo-European,English,NA,Vanlocke2011,Simon2010,alveolar,coronal,long.lag,73,yes,NA,aspirated,yes
Indo-European,English,NA,Vanlocke2011,Hawkins1979,velar,dorsal,long.lag,72,yes,NA,aspirated,yes
Indo-European,English,NA,Vanlocke2011,Suomi1980,velar,dorsal,long.lag,56,yes,NA,aspirated,yes
Indo-European,English,NA,Weber2007,RyallsZipprer1997,NA,labial,long.lag,67,yes,male,voiceless,yes
Indo-European,English,NA,Vanlocke2011,Simon2010,velar,dorsal,long.lag,76,yes,NA,aspirated,yes
Indo-European,English,NA,Weber2007,SmitBernthal1983,NA,coronal,long.lag,86.6,yes,NA,voiceless,yes
Indo-European,English,NA,Weber2007,SmitBernthal1983,NA,dorsal,long.lag,95.5,yes,NA,voiceless,yes
Indo-European,English,NA,Weber2007,RyallsZipprer1997,NA,coronal,long.lag,95,yes,female,voiceless,yes
Indo-European,English,NA,Weber2007,RyallsZipprer1997,NA,coronal,long.lag,82,yes,male,voiceless,yes
Indo-European,English,NA,Weber2007,RyallsZipprer1997,NA,dorsal,long.lag,87,yes,male,voiceless,yes
Indo-European,English,NA,Weber2007,RyallsZipprer1997,NA,labial,long.lag,77,yes,female,voiceless,yes
Indo-European,English,NA,Weber2007,SmitBernthal1983,NA,labial,long.lag,49.7,yes,NA,voiceless,yes
Indo-European,English,NA,Weber2007,RyallsZipprer1997,NA,labial,short.lag,-7,yes,female,voiced,yes
Indo-European,English,NA,Weber2007,RyallsZipprer1997,NA,coronal,short.lag,-10,yes,female,voiced,yes
Indo-European,English,NA,Weber2007,RyallsZipprer1997,NA,dorsal,short.lag,12,yes,female,voiced,yes
Indo-European,English,NA,Weber2007,RyallsZipprer1997,NA,dorsal,short.lag,-31,yes,male,voiced,yes
Indo-European,English,NA,Weber2007,SmitBernthal1983,NA,labial,short.lag,12.7,yes,NA,voiced,yes
Indo-European,English,NA,Weber2007,SmitBernthal1983,NA,coronal,short.lag,24.4,yes,NA,voiced,yes
Indo-European,English,NA,Weber2007,SmitBernthal1983,NA,dorsal,short.lag,35.1,yes,NA,voiced,yes
Indo-European,English,NA,Weber2007,Klatt1975,NA,labial,short.lag,11,yes,NA,voiced,yes
Indo-European,English,NA,Weber2007,Klatt1975,NA,coronal,short.lag,17,yes,NA,voiced,yes
Indo-European,English,NA,Weber2007,Klatt1975,NA,dorsal,short.lag,27,yes,NA,voiced,yes
Indo-European,English,NA,Weber2007,RyallsZipprer1997,NA,labial,short.lag,-14,yes,male,voiced,yes
Indo-European,English,NA,Weber2007,RyallsZipprer1997,NA,coronal,short.lag,-43,yes,male,voiced,yes
Indo-European,English,Singaporean,Shin2018,NA,NA,labial,long.lag,36.97,yes,researcher,voiceless,yes
Indo-European,English,Singaporean,Shin2018,NA,NA,labial,long.lag,18.58,yes,insider,voiceless,yes
Indo-European,English,Singaporean,Shin2018,NA,NA,dorsal,long.lag,50.69,yes,insider,voiceless,yes
Indo-European,English,Singaporean,Shin2018,NA,NA,dorsal,long.lag,48.54,yes,researcher,voiceless,yes
Indo-European,English,Singaporean,Shin2018,NA,NA,coronal,long.lag,40.95,yes,researcher,voiceless,yes
Indo-European,English,Singaporean,Shin2018,NA,NA,coronal,long.lag,23.62,yes,insider,voiceless,yes
Indo-European,English,Singaporean,Shin2018,NA,NA,coronal,long.lag,42.6,yes,outsider,voiceless,yes
Indo-European,English,Singaporean,Shin2018,NA,NA,dorsal,long.lag,49.46,yes,outsider,voiceless,yes
Indo-European,English,Singaporean,Shin2018,NA,NA,labial,long.lag,34.23,yes,outsider,voiceless,yes
Indo-European,English,Singaporean,Shin2018,NA,NA,labial,lead,-13.95,yes,outsider,voiced,yes
Indo-European,English,Singaporean,Shin2018,NA,NA,labial,lead,-19.36,yes,insider,voiced,yes
Indo-European,English,Singaporean,Shin2018,NA,NA,labial,lead,-8.64,yes,researcher,voiced,yes
Indo-European,English,Singaporean,Shin2018,NA,NA,dorsal,lead,5.03,yes,insider,voiced,yes
Indo-European,English,Singaporean,Shin2018,NA,NA,coronal,lead,-5.47,yes,researcher,voiced,yes
Indo-European,English,Singaporean,Shin2018,NA,NA,coronal,lead,-2.97,yes,outsider,voiced,yes
Indo-European,English,Singaporean,Shin2018,NA,NA,coronal,lead,-15.66,yes,insider,voiced,yes
Indo-European,English,Singaporean,Shin2018,NA,NA,dorsal,lead,6.25,yes,outsider,voiced,yes
Indo-European,English,Singaporean,Shin2018,NA,NA,dorsal,lead,14.05,yes,researcher,voiced,yes
Indo-European,English,NA,Vanlocke2011,Docherty1992,alveolar,coronal,long.lag,66.45,yes,NA,aspirated,yes
Indo-European,English,NA,SimackovaPodlipsky2015,NA,NA,labial,long.lag,20,yes,"bilingual Czech, intended /p t/",voiceless,yes
Indo-European,English,NA,SimackovaPodlipsky2015,NA,NA,coronal,long.lag,43,yes,"bilingual Czech, intended /p t/",voiceless,yes
Indo-European,English,NA,Weber2007,RyallsZipprer1997,NA,dorsal,long.lag,87,yes,female,voiceless,yes
Uralic,Finnish,NA,Maddieson2004,Suomi1980,NA,labial,short.lag,9,yes,NA,unaspirated,yes
Uralic,Finnish,NA,Maddieson2004,Suomi1980,NA,coronal,short.lag,11,yes,NA,unaspirated,yes
Uralic,Finnish,NA,Maddieson2004,Suomi1980,NA,dorsal,short.lag,20,yes,NA,unaspirated,yes
Indo-European,French,Burkina Faso,MareuilEtAl2011,NA,NA,labial,short.lag,17,yes,NA,voiceless,yes
Indo-European,French,Canadian,Sokolovic-Perovic,Yeni-KomshianEtAl1977,NA,labial,lead,-77,yes,NA,voiced,yes
Indo-European,French,Canadian,Sokolovic-Perovic,Yeni-KomshianEtAl1977,NA,coronal,lead,-63,yes,NA,voiced,yes
Indo-European,French,Burkina Faso,MareuilEtAl2011,NA,NA,coronal,short.lag,26,yes,NA,voiceless,yes
Indo-European,French,Burkina Faso,MareuilEtAl2011,NA,NA,dorsal,short.lag,31,yes,NA,voiceless,yes
Indo-European,French,Canadian,Sokolovic-Perovic,Jacques1987,NA,coronal,lead,-40,yes,NA,voiced,yes
Indo-European,French,Canadian,Sokolovic-Perovic,Jacques1987,NA,dorsal,lead,51,yes,NA,voiced,yes
Indo-European,French,Canadian,Sokolovic-Perovic,Yeni-KomshianEtAl1977,NA,dorsal,lead,-70,yes,NA,voiced,yes
Indo-European,French,Canadian,Sokolovic-Perovic,Jacques1987,NA,labial,lead,-60,yes,NA,voiced,yes
Indo-European,French,Burkina Faso,MareuilEtAl2011,NA,NA,labial,lead,-66,yes,NA,voiced,yes
Indo-European,French,Burkina Faso,MareuilEtAl2011,NA,NA,coronal,lead,-58,yes,NA,voiced,yes
Indo-European,French,Canadian,Sokolovic-Perovic,RyallsEtAl1997,NA,coronal,lead,-108,yes,old,voiced,yes
Indo-European,French,Canadian,Sokolovic-Perovic,RyallsEtAl1997,NA,dorsal,lead,-108,yes,old,voiced,yes
Indo-European,French,Canadian,Sokolovic-Perovic,Yeni-KomshianEtAl1977,NA,labial,long.lag,20,yes,NA,voiceless,yes
Indo-European,French,Canadian,Sokolovic-Perovic,Yeni-KomshianEtAl1977,NA,coronal,long.lag,32,yes,NA,voiceless,yes
Indo-European,French,Canadian,Sokolovic-Perovic,Yeni-KomshianEtAl1977,NA,dorsal,long.lag,40,yes,NA,voiceless,yes
Indo-European,French,Canadian,Sokolovic-Perovic,Jacques1987,NA,labial,long.lag,10,yes,NA,voiceless,yes
Indo-European,French,Canadian,Sokolovic-Perovic,Jacques1987,NA,coronal,long.lag,35,yes,NA,voiceless,yes
Indo-European,French,Canadian,Sokolovic-Perovic,Jacques1987,NA,dorsal,long.lag,33,yes,NA,voiceless,yes
Indo-European,French,Canadian,Sokolovic-Perovic,RyallsEtAl1997,NA,labial,long.lag,41,yes,young,voiceless,yes
Indo-European,French,Canadian,Sokolovic-Perovic,RyallsEtAl1997,NA,labial,lead,-131,yes,young,voiced,yes
Indo-European,French,Canadian,Sokolovic-Perovic,RyallsEtAl1997,NA,coronal,lead,-122,yes,young,voiced,yes
Indo-European,French,Canadian,Sokolovic-Perovic,RyallsEtAl1997,NA,dorsal,lead,-120,yes,young,voiced,yes
Indo-European,French,Canadian,Sokolovic-Perovic,RyallsEtAl1997,NA,labial,lead,-112,yes,old,voiced,yes
Indo-European,French,Canadian,Sokolovic-Perovic,RyallsEtAl1997,NA,dorsal,long.lag,62,yes,old,voiceless,yes
Indo-European,French,Ivory Coast,MareuilEtAl2012,NA,NA,labial,lead,-65,yes,NA,voiced,yes
Indo-European,French,Ivory Coast,MareuilEtAl2012,NA,NA,coronal,lead,-62,yes,NA,voiced,yes
Indo-European,French,Ivory Coast,MareuilEtAl2012,NA,NA,dorsal,lead,-54,yes,NA,voiced,yes
Indo-European,French,Ivory Coast,MareuilEtAl2012,NA,NA,labial,short.lag,12,yes,NA,voiceless,yes
Indo-European,French,Ivory Coast,MareuilEtAl2012,NA,NA,coronal,short.lag,23,yes,NA,voiceless,yes
Indo-European,French,Ivory Coast,MareuilEtAl2012,NA,NA,dorsal,short.lag,29,yes,NA,voiceless,yes
Indo-European,French,Mali,MareuilEtAl2012,NA,NA,labial,lead,-55,yes,NA,voiced,yes
Indo-European,French,Mali,MareuilEtAl2012,NA,NA,coronal,lead,-61,yes,NA,voiced,yes
Indo-European,French,Mali,MareuilEtAl2012,NA,NA,dorsal,lead,-42,yes,NA,voiced,yes
Indo-European,French,Mali,MareuilEtAl2012,NA,NA,labial,short.lag,14,yes,NA,voiceless,yes
Indo-European,French,Mali,MareuilEtAl2012,NA,NA,coronal,short.lag,23,yes,NA,voiceless,yes
Indo-European,French,Mali,MareuilEtAl2012,NA,NA,dorsal,short.lag,33,yes,NA,voiceless,yes
Indo-European,French,NA,Banov2014,CaramazzaEtAl1973,NA,labial,short.lag,18,yes,monolingual,voiceless,yes
Indo-European,French,NA,Banov2014,CaramazzaEtAl1973,NA,coronal,short.lag,23,yes,monolingual,voiceless,yes
Indo-European,French,NA,Banov2014,CaramazzaEtAl1973,NA,dorsal,short.lag,32,yes,monolingual,voiceless,yes
Indo-European,French,Paris,Abdelli-Beruh2009,Abdelli-Beruh2009,NA,labial,short.lag,8,yes,average,voiced,yes
Indo-European,French,Paris,Abdelli-Beruh2009,Abdelli-Beruh2009,NA,coronal,short.lag,14,yes,average,voiced,yes
Indo-European,French,Paris,Abdelli-Beruh2009,Abdelli-Beruh2009,NA,dorsal,short.lag,19,yes,average,voiced,yes
Indo-European,French,Paris,Abdelli-Beruh2009,Abdelli-Beruh2009,NA,labial,short.lag,15,yes,average,voiceless,yes
Indo-European,French,Paris,Abdelli-Beruh2009,Abdelli-Beruh2009,NA,coronal,short.lag,23,yes,average,voiceless,yes
Indo-European,French,Paris,Abdelli-Beruh2009,Abdelli-Beruh2009,NA,dorsal,short.lag,32,yes,average,voiceless,yes
Indo-European,French,Quebec,Banov2014,CaramazzaEtAl1973,NA,labial,short.lag,20,yes,NA,voiceless,yes
Indo-European,French,Quebec,Banov2014,CaramazzaEtAl1973,NA,coronal,short.lag,28,yes,NA,voiceless,yes
Indo-European,French,Quebec,Banov2014,CaramazzaEtAl1973,NA,dorsal,short.lag,35,yes,NA,voiceless,yes
Indo-European,French,Senegal,MareuilEtAl2012,NA,NA,labial,lead,-65,yes,NA,voiced,yes
Indo-European,French,Senegal,MareuilEtAl2012,NA,NA,coronal,lead,-70,yes,NA,voiced,yes
Indo-European,French,Senegal,MareuilEtAl2012,NA,NA,dorsal,lead,-49,yes,NA,voiced,yes
Indo-European,French,Senegal,MareuilEtAl2012,NA,NA,labial,short.lag,15,yes,NA,voiceless,yes
Indo-European,French,Senegal,MareuilEtAl2012,NA,NA,coronal,short.lag,20,yes,NA,voiceless,yes
Indo-European,French,Senegal,MareuilEtAl2012,NA,NA,dorsal,short.lag,29,yes,NA,voiceless,yes
Indo-European,French,Canadian,Sokolovic-Perovic,RyallsEtAl1997,NA,coronal,long.lag,41,yes,old,voiceless,yes
Indo-European,French,Canadian,Sokolovic-Perovic,RyallsEtAl1997,NA,coronal,long.lag,58,yes,young,voiceless,yes
Indo-European,French,Canadian,Sokolovic-Perovic,RyallsEtAl1997,NA,dorsal,long.lag,73,yes,young,voiceless,yes
Indo-European,French,Canadian,Sokolovic-Perovic,RyallsEtAl1997,NA,labial,long.lag,34,yes,old,voiceless,yes
Sino-Tibetan,Fukienese,NA,IwataEtAl1979,IwataEtAl1979,NA,dorsal,long.lag,75,yes,Subject1,aspirated,yes
Sino-Tibetan,Fukienese,NA,IwataEtAl1979,IwataEtAl1979,NA,labial,long.lag,42,yes,Subject1,aspirated,yes
Sino-Tibetan,Fukienese,NA,IwataEtAl1979,IwataEtAl1979,NA,coronal,long.lag,59,yes,Subject1,aspirated,yes
Sino-Tibetan,Fukienese,NA,IwataEtAl1979,IwataEtAl1979,NA,labial,long.lag,118,yes,Subject2,aspirated,yes
Sino-Tibetan,Fukienese,NA,IwataEtAl1979,IwataEtAl1979,NA,coronal,long.lag,100,yes,Subject2,aspirated,yes
Sino-Tibetan,Fukienese,NA,IwataEtAl1979,IwataEtAl1979,NA,coronal,short.lag,10,yes,Subject2,unaspirated,yes
Sino-Tibetan,Fukienese,NA,IwataEtAl1979,IwataEtAl1979,NA,dorsal,short.lag,21,yes,Subject2,unaspirated,yes
Sino-Tibetan,Fukienese,NA,IwataEtAl1979,IwataEtAl1979,NA,labial,short.lag,7,yes,Subject2,unaspirated,yes
Sino-Tibetan,Fukienese,NA,IwataEtAl1979,IwataEtAl1979,NA,dorsal,long.lag,116,yes,Subject2,aspirated,yes
Sino-Tibetan,Fukienese,NA,IwataEtAl1979,IwataEtAl1979,NA,labial,short.lag,2,yes,Subject1,unaspirated,yes
Sino-Tibetan,Fukienese,NA,IwataEtAl1979,IwataEtAl1979,NA,coronal,short.lag,9,yes,Subject1,unaspirated,yes
Sino-Tibetan,Fukienese,NA,IwataEtAl1979,IwataEtAl1979,NA,dorsal,short.lag,22,yes,Subject1,unaspirated,yes
Indo-European,Gaelic (Scots),NA,ChoLadefoged1999,ChoLadefoged1999,bilabial,labial,long.lag,63,yes,NA,aspirated,yes
Indo-European,Gaelic (Scots),NA,ChoLadefoged1999,ChoLadefoged1999,dental,coronal,long.lag,65,yes,NA,aspirated,yes
Indo-European,Gaelic (Scots),NA,ChoLadefoged1999,ChoLadefoged1999,velar,dorsal,long.lag,73,yes,NA,aspirated,yes
Indo-European,Gaelic (Scots),NA,ChoLadefoged1999,ChoLadefoged1999,bilabial,labial,short.lag,13,yes,NA,unaspirated,yes
Indo-European,Gaelic (Scots),NA,ChoLadefoged1999,ChoLadefoged1999,dental,coronal,short.lag,22,yes,NA,unaspirated,yes
Indo-European,Gaelic (Scots),NA,ChoLadefoged1999,ChoLadefoged1999,velar,dorsal,short.lag,28,yes,NA,unaspirated,yes
Sino-Tibetan,Galo,NA,Post2007,Post2007,NA,labial,lead,-89,yes,NA,voiced,yes
Sino-Tibetan,Galo,NA,Post2007,Post2007,NA,coronal,lead,-98,yes,NA,voiced,yes
Sino-Tibetan,Galo,NA,Post2007,Post2007,NA,dorsal,short.lag,26,yes,NA,voiceless,yes
Sino-Tibetan,Galo,NA,Post2007,Post2007,NA,dorsal,lead,-74,yes,NA,voiced,yes
Sino-Tibetan,Galo,NA,Post2007,Post2007,NA,labial,short.lag,8,yes,NA,voiceless,yes
Sino-Tibetan,Galo,NA,Post2007,Post2007,NA,coronal,short.lag,12,yes,NA,voiceless,yes
Kartvelian,Georgian,NA,Vicenik2008,Vicenik2008,NA,labial,long.lag,59.6,yes,IP.initial,aspirated,yes
Kartvelian,Georgian,NA,Vicenik2008,Vicenik2008,NA,labial,long.lag,64.8,yes,AP.initial,aspirated,yes
Kartvelian,Georgian,NA,Vicenik2008,Vicenik2008,NA,coronal,long.lag,61.7,yes,IP.initial,aspirated,yes
Kartvelian,Georgian,NA,Vicenik2008,Vicenik2008,NA,coronal,long.lag,64,yes,AP.initial,aspirated,yes
Kartvelian,Georgian,NA,Vicenik2008,Vicenik2008,NA,dorsal,long.lag,69.6,yes,IP.initial,aspirated,yes
Kartvelian,Georgian,NA,Vicenik2008,Vicenik2008,NA,dorsal,long.lag,70.5,yes,AP.initial,aspirated,yes
Kartvelian,Georgian,NA,Vicenik2008,Vicenik2008,NA,labial,short.lag,11.4,yes,IP.initial,voiced,yes
Kartvelian,Georgian,NA,Vicenik2008,Vicenik2008,NA,labial,short.lag,6.5,yes,AP.initial,voiced,yes
Kartvelian,Georgian,NA,Vicenik2008,Vicenik2008,NA,coronal,short.lag,13.7,yes,IP.initial,voiced,yes
Kartvelian,Georgian,NA,Vicenik2008,Vicenik2008,NA,coronal,short.lag,10.1,yes,AP.initial,voiced,yes
Kartvelian,Georgian,NA,Vicenik2008,Vicenik2008,NA,dorsal,short.lag,24.7,yes,IP.initial,voiced,yes
Kartvelian,Georgian,NA,Vicenik2008,Vicenik2008,NA,dorsal,short.lag,16.8,yes,AP.initial,voiced,yes
Indo-European,German,Austrian,MoosmullerRingen,MoosmullerRingen,NA,coronal,long.lag,61.33,yes,_i,fortis,yes
Indo-European,German,Austrian,MoosmullerRingen,MoosmullerRingen,NA,dorsal,long.lag,64.36,yes,_o,fortis,yes
Indo-European,German,Austrian,MoosmullerRingen,MoosmullerRingen,NA,dorsal,long.lag,99.5,yes,_i,fortis,yes
Indo-European,German,Austrian,MoosmullerRingen,MoosmullerRingen,NA,labial,long.lag,28.83,yes,_e,fortis,yes
Indo-European,German,Austrian,MoosmullerRingen,MoosmullerRingen,NA,coronal,long.lag,32.92,yes,_e,fortis,yes
Indo-European,German,Austrian,MoosmullerRingen,MoosmullerRingen,NA,labial,short.lag,11.5,yes,_e,lenis,yes
Indo-European,German,Austrian,MoosmullerRingen,MoosmullerRingen,NA,labial,short.lag,51.75,yes,_i,lenis,yes
Indo-European,German,Austrian,MoosmullerRingen,MoosmullerRingen,NA,coronal,short.lag,26,yes,_i,lenis,yes
Indo-European,German,Austrian,MoosmullerRingen,MoosmullerRingen,NA,dorsal,short.lag,31.45,yes,_i,lenis,yes
Indo-European,German,Austrian,MoosmullerRingen,MoosmullerRingen,NA,labial,long.lag,51.75,yes,_i,fortis,yes
Indo-European,German,NA,Shinn1985,Shinn1985,NA,coronal,long.lag,60,yes,speaker3,voiceless,yes
Indo-European,German,NA,Shinn1985,Shinn1985,NA,labial,long.lag,38,yes,speaker1,voiceless,yes
Indo-European,German,NA,Sokolovic-Perovic,Jessen1998,NA,labial,long.lag,63,yes,NA,voiceless,yes
Indo-European,German,NA,Sokolovic-Perovic,Jessen1998,NA,coronal,long.lag,75,yes,NA,voiceless,yes
Indo-European,German,NA,Sokolovic-Perovic,Jessen1998,NA,dorsal,long.lag,83,yes,NA,voiceless,yes
Indo-European,German,NA,Shinn1985,Shinn1985,NA,labial,long.lag,53,yes,speaker3,voiceless,yes
Indo-European,German,NA,Shinn1985,Shinn1985,NA,labial,long.lag,76,yes,speaker2,voiceless,yes
Indo-European,German,NA,StoehrEtAl2017,NA,NA,labial,long.lag,45,yes,NA,voiceless,yes
Indo-European,German,NA,StoehrEtAl2017,NA,NA,coronal,long.lag,69,yes,NA,voiceless,yes
Indo-European,German,NA,StoehrEtAl2017,NA,NA,dorsal,long.lag,72,yes,NA,voiceless,yes
Indo-European,German,NA,Shinn1985,Shinn1985,NA,labial,short.lag,10,yes,speaker1,voiced,yes
Indo-European,German,NA,Shinn1985,Shinn1985,NA,coronal,short.lag,10,yes,speaker1,voiced,yes
Indo-European,German,NA,StoehrEtAl2017,NA,NA,coronal,short.lag,12,yes,NA,short-lag,yes
Indo-European,German,NA,Shinn1985,Shinn1985,NA,labial,short.lag,-34,yes,speaker2,voiced,yes
Indo-European,German,NA,Shinn1985,Shinn1985,NA,coronal,short.lag,-15,yes,speaker2,voiced,yes
Indo-European,German,NA,Sokolovic-Perovic,Jessen1998,NA,dorsal,short.lag,26,yes,NA,voiced,yes
Indo-European,German,NA,Shinn1985,Shinn1985,NA,labial,short.lag,-2,yes,speaker3,voiced,yes
Indo-European,German,NA,Shinn1985,Shinn1985,NA,coronal,short.lag,19,yes,speaker3,voiced,yes
Indo-European,German,NA,StoehrEtAl2017,NA,NA,labial,short.lag,6,yes,NA,short-lag,yes
Indo-European,German,NA,Sokolovic-Perovic,Jessen1998,NA,labial,short.lag,15,yes,NA,voiced,yes
Indo-European,German,NA,Sokolovic-Perovic,Jessen1998,NA,coronal,short.lag,21,yes,NA,voiced,yes
Indo-European,German,Swiss,Allen 2016,NA,labial,labial,short.lag,16.63,yes,NA,fortis,yes
Indo-European,German,Swiss,Allen 2016,NA,alveolar,coronal,short.lag,18.71,yes,NA,fortis,yes
Indo-European,German,Swiss,Allen 2016,NA,labial,labial,short.lag,15.26,yes,NA,lenis,yes
Indo-European,German,Swiss,Allen 2016,NA,alveolar,coronal,short.lag,20.82,yes,NA,lenis,yes
Indo-European,German,Swiss,Allen 2016,NA,velar,dorsal,short.lag,28.24,yes,NA,lenis,yes
Indo-European,German,NA,Shinn1985,Shinn1985,NA,coronal,long.lag,68,yes,speaker2,voiceless,yes
Indo-European,German,Austrian,MoosmullerRingen,MoosmullerRingen,NA,coronal,short.lag,13.58,yes,_e,lenis,yes
Indo-European,German,Austrian,MoosmullerRingen,MoosmullerRingen,NA,dorsal,short.lag,25.45,yes,_e,lenis,yes
Indo-European,German,NA,Shinn1985,Shinn1985,NA,coronal,long.lag,45,yes,speaker1,voiceless,yes
Indo-European,Greek (Modern),NA,AntoniouEtAl2008,NA,NA,coronal,lead,-133,yes,NA,voiced,yes
Indo-European,Greek (Modern),NA,Kollia1993,Kollia1993,NA,coronal,short.lag,27.1,yes,NA,voiceless,yes
Indo-European,Greek (Modern),NA,AntoniouEtAl2008,NA,NA,labial,short.lag,15,yes,NA,voiceless,yes
Indo-European,Greek (Modern),NA,AntoniouEtAl2008,NA,NA,coronal,short.lag,17,yes,NA,voiceless,yes
Indo-European,Greek (Modern),NA,Kollia1993,Kollia1993,NA,labial,short.lag,18.5,yes,NA,voiceless,yes
Indo-European,Greek (Modern),NA,AntoniouEtAl2008,NA,NA,labial,lead,-132,yes,NA,voiced,yes
Indo-European,Greek (Modern),NA,Kollia1993,Kollia1993,NA,dorsal,short.lag,49.2,yes,NA,voiceless,yes
Indo-European,Greek (Modern),NA,Simental2014,Antoniouetal2011,NA,labial,short.lag,12.4,yes,NA,voiceless,yes
Indo-European,Greek (Modern),NA,Simental2014,Antoniouetal2011,NA,coronal,short.lag,15.3,yes,NA,voiceless,yes
Sino-Tibetan,Hakha Lai,NA,Maddieson2004,Maddieson2004,NA,labial,short.lag,12.3,yes,NA,unaspirated,yes
Sino-Tibetan,Hakha Lai,NA,Maddieson2004,Maddieson2004,NA,coronal,short.lag,20.5,yes,NA,unaspirated,yes
Sino-Tibetan,Hakha Lai,NA,Maddieson2004,Maddieson2004,NA,dorsal,short.lag,24,yes,NA,unaspirated,yes
Sino-Tibetan,Hakka,NA,Cheng2014,Cheng2014,NA,coronal,long.lag,60.4,yes,ADS._/i/,aspirated,yes
Sino-Tibetan,Hakka,NA,Cheng2014,Cheng2014,NA,labial,long.lag,47.74,yes,ADS._/a/,aspirated,yes
Sino-Tibetan,Hakka,NA,Cheng2014,Cheng2014,NA,coronal,long.lag,44.79,yes,ADS._/a/,aspirated,yes
Sino-Tibetan,Hakka,NA,Cheng2014,Cheng2014,NA,coronal,long.lag,70.22,yes,CDS._/i/,aspirated,yes
Sino-Tibetan,Hakka,NA,Cheng2014,Cheng2014,NA,labial,long.lag,59.14,yes,CDS._/a/,aspirated,yes
Sino-Tibetan,Hakka,NA,Cheng2014,Cheng2014,NA,coronal,long.lag,68.26,yes,CDS._/u/,aspirated,yes
Sino-Tibetan,Hakka,NA,Cheng2014,Cheng2014,NA,labial,long.lag,68.88,yes,CDS._/u/,aspirated,yes
Sino-Tibetan,Hakka,NA,Cheng2014,Cheng2014,NA,dorsal,long.lag,65.11,yes,ADS._/u/,aspirated,yes
Sino-Tibetan,Hakka,NA,Cheng2014,Cheng2014,NA,coronal,long.lag,52.69,yes,CDS._/a/,aspirated,yes
Sino-Tibetan,Hakka,NA,Cheng2014,Cheng2014,NA,dorsal,long.lag,87.61,yes,ADS._/i/,aspirated,yes
Sino-Tibetan,Hakka,NA,Cheng2014,Cheng2014,NA,dorsal,long.lag,57.08,yes,ADS._/a/,aspirated,yes
Sino-Tibetan,Hakka,NA,Cheng2014,Cheng2014,NA,dorsal,long.lag,98.49,yes,CDS._/i/,aspirated,yes
Sino-Tibetan,Hakka,NA,Cheng2014,Cheng2014,NA,dorsal,long.lag,66.76,yes,CDS._/a/,aspirated,yes
Sino-Tibetan,Hakka,NA,Cheng2014,Cheng2014,NA,dorsal,long.lag,78.21,yes,CDS._/u/,aspirated,yes
Sino-Tibetan,Hakka,NA,Cheng2014,Cheng2014,NA,labial,short.lag,14.01,yes,ADS._/i/,unaspirated,yes
Sino-Tibetan,Hakka,NA,Cheng2014,Cheng2014,NA,labial,short.lag,9.71,yes,ADS._/a/,unaspirated,yes
Sino-Tibetan,Hakka,NA,Cheng2014,Cheng2014,NA,labial,short.lag,17.75,yes,ADS._/u/,unaspirated,yes
Sino-Tibetan,Hakka,NA,Cheng2014,Cheng2014,NA,labial,short.lag,10.73,yes,CDS._/a/,unaspirated,yes
Sino-Tibetan,Hakka,NA,Cheng2014,Cheng2014,NA,dorsal,short.lag,33.51,yes,CDS._/i/,unaspirated,yes
Sino-Tibetan,Hakka,NA,Cheng2014,Cheng2014,NA,coronal,short.lag,19.47,yes,CDS._/i/,unaspirated,yes
Sino-Tibetan,Hakka,NA,Cheng2014,Cheng2014,NA,labial,short.lag,15.18,yes,CDS._/i/,unaspirated,yes
Sino-Tibetan,Hakka,NA,Cheng2014,Cheng2014,NA,coronal,long.lag,59.1,yes,ADS._/u/,aspirated,yes
Sino-Tibetan,Hakka,NA,Cheng2014,Cheng2014,NA,labial,long.lag,62.13,yes,ADS._/u/,aspirated,yes
Sino-Tibetan,Hakka,NA,Cheng2014,Cheng2014,NA,coronal,short.lag,11.34,yes,ADS._/a/,unaspirated,yes
Sino-Tibetan,Hakka,NA,Cheng2014,Cheng2014,NA,coronal,short.lag,14.89,yes,ADS._/u/,unaspirated,yes
Sino-Tibetan,Hakka,NA,Cheng2014,Cheng2014,NA,coronal,short.lag,12.63,yes,CDS._/a/,unaspirated,yes
Sino-Tibetan,Hakka,NA,Cheng2014,Cheng2014,NA,coronal,short.lag,17.86,yes,ADS._/i/,unaspirated,yes
Sino-Tibetan,Hakka,NA,Cheng2014,Cheng2014,NA,dorsal,short.lag,18.95,yes,ADS._/a/,unaspirated,yes
Sino-Tibetan,Hakka,NA,Cheng2014,Cheng2014,NA,dorsal,short.lag,20.19,yes,CDS._/a/,unaspirated,yes
Sino-Tibetan,Hakka,NA,Cheng2014,Cheng2014,NA,coronal,short.lag,16.08,yes,CDS._/u/,unaspirated,yes
Sino-Tibetan,Hakka,NA,Cheng2014,Cheng2014,NA,dorsal,short.lag,27.62,yes,ADS._/u/,unaspirated,yes
Sino-Tibetan,Hakka,NA,Cheng2014,Cheng2014,NA,dorsal,short.lag,30.6,yes,CDS._/u/,unaspirated,yes
Sino-Tibetan,Hakka,NA,Cheng2014,Cheng2014,NA,labial,long.lag,60.8,yes,ADS._/i/,aspirated,yes
Sino-Tibetan,Hakka,NA,Cheng2014,Cheng2014,NA,labial,long.lag,69.87,yes,CDS._/i/,aspirated,yes
Sino-Tibetan,Hakka,NA,Cheng2014,Cheng2014,NA,dorsal,short.lag,31.2,yes,ADS._/i/,unaspirated,yes
Sino-Tibetan,Hakka,NA,Cheng2014,Cheng2014,NA,labial,short.lag,19.19,yes,CDS._/u/,unaspirated,yes
Creole,Hawaiian Creole,NA,Kakadelis2015,NA,NA,labial,short.lag,30.1,yes,NA,voiceless,yes
Creole,Hawaiian Creole,NA,Kakadelis2015,NA,NA,coronal,short.lag,25.7,yes,NA,voiceless,yes
Creole,Hawaiian Creole,NA,Kakadelis2015,NA,NA,dorsal,short.lag,37.5,yes,NA,voiceless,yes
Afro-Asiatic,Hebrew (Modern),NA,RaphaelEtAl1995,RaphaelEtAl1995,NA,labial,long.lag,28.5,yes,adults,voiceless,yes
Afro-Asiatic,Hebrew (Modern),NA,RaphaelEtAl1995,RaphaelEtAl1995,NA,coronal,long.lag,35.2,yes,adults,voiceless,yes
Afro-Asiatic,Hebrew (Modern),NA,RaphaelEtAl1995,Obler1982,NA,coronal,long.lag,33.9,yes,Monolinguals,voiceless,yes
Afro-Asiatic,Hebrew (Modern),NA,RaphaelEtAl1995,RaphaelEtAl1995,NA,dorsal,long.lag,54.2,yes,adults,voiceless,yes
Afro-Asiatic,Hebrew (Modern),NA,RaphaelEtAl1995,Obler1982,NA,dorsal,long.lag,63.7,yes,Monolinguals,voiceless,yes
Afro-Asiatic,Hebrew (Modern),NA,RaphaelEtAl1995,RaphaelEtAl1995,NA,coronal,lead,-90.9,yes,adults,voiced,yes
Afro-Asiatic,Hebrew (Modern),NA,RaphaelEtAl1995,Obler1982,NA,labial,long.lag,25.6,yes,Monolinguals,voiceless,yes
Afro-Asiatic,Hebrew (Modern),NA,RaphaelEtAl1995,RaphaelEtAl1995,NA,labial,lead,-91.9,yes,adults,voiced,yes
Afro-Asiatic,Hebrew (Modern),NA,RaphaelEtAl1995,RaphaelEtAl1995,NA,dorsal,lead,-81.3,yes,adults,voiced,yes
Indo-European,Hindi,NA,LiskerAbramson1964,LiskerAbramson1964,labial,labial,long.lag,70,yes,NA,voiceless aspirated,yes
Indo-European,Hindi,NA,LiskerAbramson1964,LiskerAbramson1964,domal,coronal,long.lag,60,yes,NA,voiceless aspirated,yes
Indo-European,Hindi,NA,LiskerAbramson1964,LiskerAbramson1964,dental,coronal,long.lag,67,yes,NA,voiceless aspirated,yes
Indo-European,Hindi,NA,Shimizu1989,Shimizu1989,NA,dorsal,long.lag,119,yes,NA,voiceless aspirated,yes
Indo-European,Hindi,NA,PatilRao2016,NA,dental,coronal,long.lag,74,yes,NA,voiceless aspirated,yes
Indo-European,Hindi,NA,Samudravijay2003,NA,NA,labial,long.lag,61,yes,NA,voiceless aspirated,yes
Indo-European,Hindi,NA,Samudravijay2003,NA,palatal,dorsal,long.lag,87,yes,NA,voiceless aspirated,yes
Indo-European,Hindi,NA,Samudravijay2003,NA,retroflex,coronal,long.lag,27,yes,NA,voiceless aspirated,yes
Indo-European,Hindi,NA,PatilRao2016,NA,velar,dorsal,long.lag,90,yes,NA,voiceless aspirated,yes
Indo-European,Hindi,NA,LiskerAbramson1964,LiskerAbramson1964,velar,dorsal,long.lag,92,yes,NA,voiceless aspirated,yes
Indo-European,Hindi,NA,Samudravijay2003,NA,NA,coronal,long.lag,50,yes,NA,voiceless aspirated,yes
Indo-European,Hindi,NA,Shimizu1989,Shimizu1989,NA,coronal,long.lag,82,yes,NA,voiceless aspirated,yes
Indo-European,Hindi,NA,LiskerAbramson1964,LiskerAbramson1964,domal,coronal,short.lag,9,yes,NA,voiceless unaspirated,yes
Indo-European,Hindi,NA,PatilRao2016,NA,retroflex,coronal,short.lag,19,yes,NA,voiceless unaspirated,yes
Indo-European,Hindi,NA,PatilRao2016,NA,retroflex,coronal,long.lag,65,yes,NA,voiceless aspirated,yes
Indo-European,Hindi,NA,Samudravijay2003,NA,velar,dorsal,long.lag,51,yes,NA,voiceless aspirated,yes
Indo-European,Hindi,NA,Davis1991,NA,velar,dorsal,long.lag,74.24,yes,adult,voiceless aspirated,yes
Indo-European,Hindi,NA,Shimizu1989,Shimizu1989,NA,labial,long.lag,75,yes,NA,voiceless aspirated,yes
Indo-European,Hindi,NA,Samudravijay2003,NA,NA,labial,short.lag,17,yes,NA,voiceless unaspirated,yes
Indo-European,Hindi,NA,Samudravijay2003,NA,palatal,dorsal,short.lag,66,yes,NA,voiceless unaspirated,yes
Indo-European,Hindi,NA,Samudravijay2003,NA,retroflex,coronal,short.lag,26,yes,NA,voiceless unaspirated,yes
Indo-European,Hindi,NA,Davis1991,NA,velar,dorsal,short.lag,25.85,yes,adult,voiceless unaspirated,yes
Indo-European,Hindi,NA,LiskerAbramson1964,LiskerAbramson1964,labial,labial,short.lag,13,yes,NA,voiceless unaspirated,yes
Indo-European,Hindi,NA,Shimizu1989,Shimizu1989,NA,coronal,short.lag,12,yes,NA,voiceless unaspirated,yes
Indo-European,Hindi,NA,Shimizu1989,Shimizu1989,NA,labial,short.lag,12,yes,NA,voiceless unaspirated,yes
Indo-European,Hindi,NA,LiskerAbramson1964,LiskerAbramson1964,dental,coronal,short.lag,15,yes,NA,voiceless unaspirated,yes
Indo-European,Hindi,NA,Shimizu1989,Shimizu1989,NA,dorsal,short.lag,34,yes,NA,voiceless unaspirated,yes
Indo-European,Hindi,NA,LiskerAbramson1964,LiskerAbramson1964,velar,dorsal,short.lag,18,yes,NA,voiceless unaspirated,yes
Indo-European,Hindi,NA,PatilRao2016,NA,dental,coronal,short.lag,25,yes,NA,voiceless unaspirated,yes
Indo-European,Hindi,NA,PatilRao2016,NA,velar,dorsal,short.lag,40,yes,NA,voiceless unaspirated,yes
Indo-European,Hindi,NA,Samudravijay2003,NA,NA,coronal,short.lag,23,yes,NA,voiceless unaspirated,yes
Indo-European,Hindi,NA,LiskerAbramson1964,LiskerAbramson1964,labial,labial,lead,-85,yes,NA,voiced unaspirated,yes
Indo-European,Hindi,NA,PatilRao2016,NA,retroflex,coronal,lead,12,yes,lag VOT,voiced unaspirated,yes
Indo-European,Hindi,NA,PatilRao2016,NA,velar,dorsal,lead,38,yes,lag VOT,voiced unaspirated,yes
Indo-European,Hindi,NA,LiskerAbramson1964,LiskerAbramson1964,dental,coronal,lead,-87,yes,NA,voiced unaspirated,yes
Indo-European,Hindi,NA,Shimizu1989,Shimizu1989,NA,dorsal,lead,-121,yes,NA,voiced,yes
Indo-European,Hindi,NA,LiskerAbramson1964,LiskerAbramson1964,velar,dorsal,lead,-63,yes,NA,voiced unaspirated,yes
Indo-European,Hindi,NA,LiskerAbramson1964,LiskerAbramson1964,domal,coronal,lead,-76,yes,NA,voiced unaspirated,yes
Indo-European,Hindi,NA,Shimizu1989,Shimizu1989,NA,labial,lead,-96,yes,NA,voiced,yes
Indo-European,Hindi,NA,Samudravijay2003,NA,NA,coronal,lead,16,yes,NA,voiced unaspirated,yes
Indo-European,Hindi,NA,PatilRao2016,NA,dental,coronal,lead,20,yes,lag VOT,voiced unaspirated,yes
Indo-European,Hindi,NA,Samudravijay2003,NA,palatal,dorsal,lead,47,yes,NA,voiced unaspirated,yes
Indo-European,Hindi,NA,Shimizu1989,Shimizu1989,NA,coronal,lead,-108,yes,NA,voiced,yes
Indo-European,Hindi,NA,Samudravijay2003,NA,velar,dorsal,lead,22,yes,NA,voiced unaspirated,yes
Indo-European,Hindi,NA,Samudravijay2003,NA,NA,labial,lead,15,yes,NA,voiced unaspirated,yes
Indo-European,Hindi,NA,PatilRao2016,NA,labial,labial,lead,12,yes,lag VOT,voiced unaspirated,yes
Indo-European,Hindi,NA,Samudravijay2003,NA,velar,dorsal,short.lag,28,yes,NA,voiceless unaspirated,yes
Indo-European,Hindi,NA,Davis1991,NA,velar,dorsal,lead,11.58,yes,adult,voiced unaspirated,yes
Indo-European,Hindi,NA,Samudravijay2003,NA,retroflex,coronal,lead,14,yes,NA,voiced unaspirated,yes
Sino-Tibetan,Hokkien,Singaporean,Ng2005,NA,bilabial,labial,long.lag,78.68,yes,NA,aspirated,yes
Sino-Tibetan,Hokkien,Singaporean,Ng2005,NA,alveolar,coronal,long.lag,74.75,yes,NA,aspirated,yes
Sino-Tibetan,Hokkien,Singaporean,Ng2005,NA,velar,dorsal,long.lag,79.37,yes,NA,aspirated,yes
Sino-Tibetan,Hokkien,Singaporean,Ng2005,NA,bilabial,labial,short.lag,2.25,yes,NA,unaspirated,yes
Sino-Tibetan,Hokkien,Singaporean,Ng2005,NA,alveolar,coronal,short.lag,3.13,yes,NA,unaspirated,yes
Sino-Tibetan,Hokkien,Singaporean,Ng2005,NA,velar,dorsal,short.lag,14.15,yes,NA,unaspirated,yes
Uralic,Hungarian,NA,Gosy2001,NA,NA,labial,short.lag,24,yes,in isolated syllables,voiceless,yes
Uralic,Hungarian,NA,Gosy2001,NA,NA,coronal,short.lag,25,yes,in isolated syllables,voiceless,yes
Uralic,Hungarian,NA,Gosy2001,NA,NA,dorsal,short.lag,51,yes,in isolated syllables,voiceless,yes
Uralic,Hungarian,NA,GosyRingen,GosyRingen,NA,dorsal,short.lag,37.6,yes,#_V,fortis,yes
Uralic,Hungarian,NA,Sokolovic-Perovic,Gosy2001,NA,labial,short.lag,25,yes,in isolated words,voiceless,yes
Uralic,Hungarian,NA,LiskerAbramson1964,LiskerAbramson1964,labial,labial,short.lag,2,yes,NA,fortis,yes
Uralic,Hungarian,NA,Sokolovic-Perovic,Gosy2001,NA,dorsal,short.lag,50,yes,in isolated words,voiceless,yes
Uralic,Hungarian,NA,LiskerAbramson1964,LiskerAbramson1964,velar,dorsal,short.lag,29,yes,NA,fortis,yes
Uralic,Hungarian,NA,Troselj,NA,NA,coronal,short.lag,19,yes,"monolingual, L1: Hungarian",voiceless,yes
Uralic,Hungarian,NA,Sokolovic-Perovic,Gosy2001,NA,coronal,short.lag,23,yes,in isolated words,voiceless,yes
Uralic,Hungarian,NA,Troselj,NA,NA,labial,short.lag,16,yes,"monolingual, L1: Hungarian",voiceless,yes
Uralic,Hungarian,NA,GosyRingen,GosyRingen,NA,coronal,lead,-95.1,yes,#_V,lenis,yes
Uralic,Hungarian,NA,GosyRingen,GosyRingen,NA,labial,short.lag,9.7,yes,#_V,fortis,yes
Uralic,Hungarian,NA,Troselj,NA,NA,dorsal,short.lag,40,yes,"monolingual, L1: Hungarian",voiceless,yes
Uralic,Hungarian,NA,GosyRingen,GosyRingen,NA,coronal,short.lag,16,yes,#_V,fortis,yes
Uralic,Hungarian,NA,LiskerAbramson1964,LiskerAbramson1964,dental,coronal,short.lag,16,yes,NA,fortis,yes
Uralic,Hungarian,NA,GosyRingen,GosyRingen,NA,dorsal,lead,-89.6,yes,#_V,lenis,yes
Uralic,Hungarian,NA,GosyRingen,GosyRingen,NA,labial,lead,-94.6,yes,#_V,lenis,yes
Na-Dene,Hupa,NA,ChoLadefoged1999,ChoLadefoged1999,bilabial,labial,short.lag,11,yes,NA,unaspirated,yes
Na-Dene,Hupa,NA,ChoLadefoged1999,ChoLadefoged1999,dental,coronal,short.lag,16,yes,NA,unaspirated,yes
Na-Dene,Hupa,NA,ChoLadefoged1999,ChoLadefoged1999,dental,coronal,long.lag,82,yes,NA,aspirated,yes
Na-Dene,Hupa,NA,ChoLadefoged1999,ChoLadefoged1999,velar,dorsal,long.lag,84,yes,NA,aspirated,yes
Na-Dene,Hupa,NA,ChoLadefoged1999,ChoLadefoged1999,velar,dorsal,short.lag,44,yes,NA,unaspirated,yes
Na-Dene,Hupa,NA,ChoLadefoged1999,ChoLadefoged1999,uvular,dorsal,short.lag,27,yes,NA,unaspirated,yes
Indo-European,Icelandic,Northern Dialect,Heimisdottir2015,Einarsson1927,bilabial,labial,long.lag,59,yes,NA,voiceless aspirated,yes
Indo-European,Icelandic,Northern Dialect,Heimisdottir2015,Einarsson1927,alveolar,coronal,long.lag,70,yes,NA,voiceless aspirated,yes
Indo-European,Icelandic,Northern Dialect,Heimisdottir2015,Einarsson1927,velar,dorsal,long.lag,50,yes,NA,voiceless aspirated,yes
Indo-European,Icelandic,Northern Dialect,Heimisdottir2015,Einarsson1927,palatal,dorsal,long.lag,59,yes,NA,voiceless aspirated,yes
Indo-European,Icelandic,Northern Dialect,Heimisdottir2015,IndridasonEtAl1991,bilabial,labial,long.lag,44,yes,ND speaker,voiceless aspirated,yes
Indo-European,Icelandic,Northern Dialect,Heimisdottir2015,IndridasonEtAl1991,alveolar,coronal,long.lag,50,yes,ND speaker,voiceless aspirated,yes
Indo-European,Icelandic,Northern Dialect,Heimisdottir2015,Heimisdottir2015,NA,dorsal,long.lag,62,yes,ND speaker,voiceless aspirated,yes
Indo-European,Icelandic,Northern Dialect,Heimisdottir2015,Heimisdottir2015,NA,labial,short.lag,12,yes,ND speaker,voiceless unaspirated,yes
Indo-European,Icelandic,Northern Dialect,Heimisdottir2015,Heimisdottir2015,NA,coronal,short.lag,17,yes,ND speaker,voiceless unaspirated,yes
Indo-European,Icelandic,Northern Dialect,Heimisdottir2015,Heimisdottir2015,NA,dorsal,short.lag,27,yes,ND speaker,voiceless unaspirated,yes
Indo-European,Icelandic,Southern Dialect,Heimisdottir2015,IndridasonEtAl1991,bilabial,labial,long.lag,33,yes,SD speaker,voiceless aspirated,yes
Indo-European,Icelandic,Southern Dialect,Heimisdottir2015,IndridasonEtAl1991,alveolar,coronal,long.lag,34,yes,SD speaker,voiceless aspirated,yes
Indo-European,Icelandic,Southern Dialect,Heimisdottir2015,IndridasonEtAl1991,velar,dorsal,long.lag,41,yes,SD speaker,voiceless aspirated,yes
Indo-European,Icelandic,Southern Dialect,Heimisdottir2015,IndridasonEtAl1991,palatal,dorsal,long.lag,51,yes,SD speaker,voiceless aspirated,yes
Indo-European,Icelandic,Southern Dialect,Heimisdottir2015,Heimisdottir2015,NA,labial,long.lag,66,yes,SD speaker,voiceless aspirated,yes
Indo-European,Icelandic,Northern Dialect,Heimisdottir2015,IndridasonEtAl1991,velar,dorsal,long.lag,63,yes,ND speaker,voiceless aspirated,yes
Indo-European,Icelandic,Northern Dialect,Heimisdottir2015,IndridasonEtAl1991,palatal,dorsal,long.lag,81,yes,ND speaker,voiceless aspirated,yes
Indo-European,Icelandic,Northern Dialect,Heimisdottir2015,Heimisdottir2015,NA,labial,long.lag,45,yes,ND speaker,voiceless aspirated,yes
Indo-European,Icelandic,Northern Dialect,Heimisdottir2015,Heimisdottir2015,NA,coronal,long.lag,53,yes,ND speaker,voiceless aspirated,yes
Indo-European,Icelandic,Southern Dialect,Heimisdottir2015,NA,NA,labial,long.lag,45,yes,"word.initial, faster.rate",aspirated,yes
Indo-European,Icelandic,Southern Dialect,Heimisdottir2015,NA,NA,labial,long.lag,66,yes,"word.initial, normal.rate",aspirated,yes
Indo-European,Icelandic,Southern Dialect,Heimisdottir2015,NA,NA,dorsal,long.lag,62,yes,"word.initial, faster.rate",aspirated,yes
Indo-European,Icelandic,Southern Dialect,Heimisdottir2015,NA,NA,coronal,long.lag,53,yes,"word.initial, faster.rate",aspirated,yes
Indo-European,Icelandic,Southern Dialect,Heimisdottir2015,Heimisdottir2015,NA,coronal,short.lag,17,yes,SD speaker,voiceless unaspirated,yes
Indo-European,Icelandic,Southern Dialect,Heimisdottir2015,Heimisdottir2015,NA,dorsal,short.lag,28,yes,SD speaker,voiceless unaspirated,yes
Indo-European,Icelandic,Southern Dialect,Heimisdottir2015,Heimisdottir2015,NA,labial,short.lag,12,yes,SD speaker,voiceless unaspirated,yes
Indo-European,Icelandic,Southern Dialect,Heimisdottir2015,NA,NA,labial,short.lag,12,yes,"word.initial, normal.rate",unaspirated,yes
Indo-European,Icelandic,Southern Dialect,Heimisdottir2015,NA,NA,coronal,short.lag,17,yes,"word.initial, normal.rate",unaspirated,yes
Indo-European,Icelandic,Southern Dialect,Heimisdottir2015,Heimisdottir2015,NA,coronal,long.lag,71,yes,SD speaker,voiceless aspirated,yes
Indo-European,Icelandic,Southern Dialect,Heimisdottir2015,Heimisdottir2015,NA,dorsal,long.lag,83,yes,SD speaker,voiceless aspirated,yes
Indo-European,Icelandic,Southern Dialect,Heimisdottir2015,NA,NA,coronal,long.lag,71,yes,"word.initial, normal.rate",aspirated,yes
Indo-European,Icelandic,Southern Dialect,Heimisdottir2015,NA,NA,dorsal,long.lag,83,yes,"word.initial, normal.rate",aspirated,yes
Indo-European,Icelandic,Southern Dialect,Heimisdottir2015,NA,NA,dorsal,short.lag,27,yes,"word.initial, faster.rate",unaspirated,yes
Indo-European,Icelandic,Southern Dialect,Heimisdottir2015,NA,NA,coronal,short.lag,17,yes,"word.initial, faster.rate",unaspirated,yes
Indo-European,Icelandic,Southern Dialect,Heimisdottir2015,NA,NA,dorsal,short.lag,28,yes,"word.initial, normal.rate",unaspirated,yes
Indo-European,Icelandic,Southern Dialect,Heimisdottir2015,NA,NA,labial,short.lag,12,yes,"word.initial, faster.rate",unaspirated,yes
Niger-Congo,Igbo,NA,Nkamigbo,Nkamigbo,NA,dorsal,short.lag,32,yes,NA,voiceless,yes
Niger-Congo,Igbo,NA,Nkamigbo,Nkamigbo,NA,labial,short.lag,19,yes,NA,voiceless,yes
Niger-Congo,Igbo,NA,Nkamigbo,Nkamigbo,NA,coronal,short.lag,18,yes,NA,voiceless,yes
Indo-European,Italian,Calabrian,Nodari,NA,NA,labial,short.lag,13.1,yes,"singleton stops, not clear whether word-initial or word-medial",voiceless,yes
Indo-European,Italian,Calabrian,Nodari,NA,NA,coronal,short.lag,17.6,yes,"singleton stops, not clear whether word-initial or word-medial",voiceless,yes
Indo-European,Italian,Calabrian,Nodari,NA,NA,dorsal,short.lag,19.2,yes,"singleton stops, not clear whether word-initial or word-medial",voiceless,yes
Indo-European,Italian,NA,MayrMontanari2015,BortoliniEtAl1995,NA,labial,lead,-74,yes,NA,voiced,yes
Indo-European,Italian,NA,MayrMontanari2015,MayrMontanari2015,NA,labial,lead,-100,yes,NA,voiced,yes
Indo-European,Italian,NA,MayrMontanari2015,BortoliniEtAl1995,NA,coronal,lead,-80,yes,NA,voiced,yes
Indo-European,Italian,NA,MayrMontanari2015,MayrMontanari2015,NA,dorsal,lead,-105,yes,NA,voiced,yes
Indo-European,Italian,NA,MayrMontanari2015,MayrMontanari2015,NA,coronal,lead,-100,yes,NA,voiced,yes
Indo-European,Italian,NA,MayrMontanari2015,BortoliniEtAl1995,NA,dorsal,lead,-67,yes,NA,voiced,yes
Indo-European,Italian,NA,MayrMontanari2015,BortoliniEtAl1995,NA,coronal,short.lag,19,yes,NA,voiceless,yes
Indo-European,Italian,NA,MayrMontanari2015,VaggesEtAl1978,NA,coronal,short.lag,17,yes,NA,voiceless,yes
Indo-European,Italian,NA,MayrMontanari2015,BortoliniEtAl1995,NA,dorsal,short.lag,34,yes,NA,voiceless,yes
Indo-European,Italian,NA,MayrMontanari2015,VaggesEtAl1978,NA,dorsal,short.lag,30,yes,NA,voiceless,yes
Indo-European,Italian,NA,Coretta2019,NA,coronal,coronal,short.lag,18.06,yes,"initial, disyllabic",voiceless,no
Indo-European,Italian,NA,MayrMontanari2015,BortoliniEtAl1995,NA,labial,short.lag,11,yes,NA,voiceless,yes
Indo-European,Italian,NA,Coretta2019,NA,dorsal,dorsal,short.lag,37.75,yes,"initial, disyllabic",voiceless,no
Indo-European,Italian,NA,MayrMontanari2015,VaggesEtAl1978,NA,labial,short.lag,12,yes,NA,voiceless,yes
Indo-European,Italian,NA,Coretta2019,NA,labial,labial,short.lag,13.14,yes,"initial, disyllabic",voiceless,no
Mayan,Itzaj Maya,NA,BurnettDeas2009,NA,NA,labial,short.lag,24,no,word.initial,voiceless,yes
Mayan,Itzaj Maya,NA,BurnettDeas2009,NA,NA,coronal,short.lag,26,no,word.initial,voiceless,yes
Mayan,Itzaj Maya,NA,BurnettDeas2009,NA,NA,dorsal,short.lag,42,no,word.initial,voiceless,yes
Japanese,Japanese,NA,Shimizu1989,Shimizu1989,NA,coronal,lead,-58,yes,NA,voiced,yes
Japanese,Japanese,NA,JohnsonWilson2002,Homma1981,NA,coronal,long.lag,32,yes,NA,voiceless,yes
Japanese,Japanese,NA,JohnsonWilson2002,Homma1981,NA,labial,long.lag,27,yes,NA,voiceless,yes
Japanese,Japanese,NA,RineyEtAl2007,NA,bilabial,labial,long.lag,30,yes,NA,voiceless,yes
Japanese,Japanese,NA,JohnsonWilson2002,Homma1981,NA,dorsal,long.lag,53,yes,NA,voiceless,yes
Japanese,Japanese,NA,Shimizu1989,Shimizu1989,NA,coronal,long.lag,27,yes,NA,voiceless,yes
Japanese,Japanese,NA,RineyEtAl2007,NA,dorsal,dorsal,long.lag,56.7,yes,NA,voiceless,yes
Japanese,Japanese,NA,Shimizu1989,Shimizu1989,NA,labial,long.lag,44,yes,NA,voiceless,yes
Japanese,Japanese,NA,RineyEtAl2007,NA,coronal,coronal,long.lag,28.5,yes,NA,voiceless,yes
Japanese,Japanese,NA,Shimizu1989,Shimizu1989,NA,dorsal,long.lag,68,yes,NA,voiceless,yes
Japanese,Japanese,NA,JohnsonWilson2002,Homma1981,velar,dorsal,lead,14,yes,NA,voiced,yes
Japanese,Japanese,NA,JohnsonWilson2002,Homma1981,dental,coronal,lead,-35,yes,NA,voiced,yes
Japanese,Japanese,NA,Shimizu1989,Shimizu1989,NA,dorsal,lead,-64,yes,NA,voiced,yes
Japanese,Japanese,NA,Shimizu1989,Shimizu1989,NA,labial,lead,-72,yes,NA,voiced,yes
Northwest Caucasian,Kabardian,Turkish,GordonApplebaum2006,NA,NA,dorsal,long.lag,67,yes,word.initial,aspirated,yes
Northwest Caucasian,Kabardian,Turkish,GordonApplebaum2006,NA,labialized.velar,dorsal,lead,-16,yes,word.initial,voiced,yes
Northwest Caucasian,Kabardian,Turkish,GordonApplebaum2006,NA,NA,labial,lead,-38,yes,word.initial,voiced,yes
Northwest Caucasian,Kabardian,Turkish,GordonApplebaum2006,NA,NA,coronal,lead,-18,yes,word.initial,voiced,yes
Northwest Caucasian,Kabardian,Turkish,GordonApplebaum2006,NA,palatalized.velar,dorsal,lead,-34,yes,word.initial,voiced,yes
Northwest Caucasian,Kabardian,Turkish,GordonApplebaum2006,NA,labialized.velar,dorsal,long.lag,75,yes,word.initial,aspirated,yes
Northwest Caucasian,Kabardian,Turkish,GordonApplebaum2006,NA,NA,labial,long.lag,36,yes,word.initial,aspirated,yes
Northwest Caucasian,Kabardian,Turkish,GordonApplebaum2006,NA,uvular.labialized,dorsal,long.lag,73,yes,word.initial,aspirated,yes
Northwest Caucasian,Kabardian,Turkish,GordonApplebaum2006,NA,NA,coronal,long.lag,51,yes,word.initial,aspirated,yes
Sino-Tibetan,Karen (Sgaw),NA,Rattanaporn2012,Rattanaporn2012,bilabial,labial,long.lag,74,yes,Female1,aspirated,yes
Sino-Tibetan,Karen (Sgaw),NA,Rattanaporn2012,Rattanaporn2012,velar,dorsal,long.lag,80,yes,Female3,aspirated,yes
Sino-Tibetan,Karen (Sgaw),NA,Rattanaporn2012,Rattanaporn2012,velar,dorsal,long.lag,68,yes,Female1,aspirated,yes
Sino-Tibetan,Karen (Sgaw),NA,Rattanaporn2012,Rattanaporn2012,bilabial,labial,long.lag,65,yes,Female2,aspirated,yes
Sino-Tibetan,Karen (Sgaw),NA,Rattanaporn2012,Rattanaporn2012,palatal,dorsal,long.lag,130,yes,Female3,aspirated,yes
Sino-Tibetan,Karen (Sgaw),NA,Rattanaporn2012,Rattanaporn2012,palatal,dorsal,long.lag,84,yes,Male1,aspirated,yes
Sino-Tibetan,Karen (Sgaw),NA,Rattanaporn2012,Rattanaporn2012,dental,coronal,long.lag,86,yes,Male3,aspirated,yes
Sino-Tibetan,Karen (Sgaw),NA,Rattanaporn2012,Rattanaporn2012,palatal,dorsal,long.lag,143,yes,Male3,aspirated,yes
Sino-Tibetan,Karen (Sgaw),NA,Rattanaporn2012,Rattanaporn2012,dental,coronal,long.lag,75,yes,Female3,aspirated,yes
Sino-Tibetan,Karen (Sgaw),NA,Rattanaporn2012,Rattanaporn2012,dental,coronal,long.lag,73,yes,Male1,aspirated,yes
Sino-Tibetan,Karen (Sgaw),NA,Rattanaporn2012,Rattanaporn2012,palatal,dorsal,long.lag,69,yes,Male2,aspirated,yes
Sino-Tibetan,Karen (Sgaw),NA,Rattanaporn2012,Rattanaporn2012,palatal,dorsal,long.lag,119,yes,Female1,aspirated,yes
Sino-Tibetan,Karen (Sgaw),NA,Rattanaporn2012,Rattanaporn2012,dental,coronal,long.lag,70,yes,Female2,aspirated,yes
Sino-Tibetan,Karen (Sgaw),NA,Rattanaporn2012,Rattanaporn2012,bilabial,labial,long.lag,92,yes,Male3,aspirated,yes
Sino-Tibetan,Karen (Sgaw),NA,Rattanaporn2012,Rattanaporn2012,velar,dorsal,long.lag,86,yes,Female2,aspirated,yes
Sino-Tibetan,Karen (Sgaw),NA,Rattanaporn2012,Rattanaporn2012,velar,dorsal,long.lag,70,yes,Male1,aspirated,yes
Sino-Tibetan,Karen (Sgaw),NA,Rattanaporn2012,Rattanaporn2012,palatal,dorsal,long.lag,80,yes,Female2,aspirated,yes
Sino-Tibetan,Karen (Sgaw),NA,Rattanaporn2012,Rattanaporn2012,bilabial,labial,long.lag,90,yes,Female3,aspirated,yes
Sino-Tibetan,Karen (Sgaw),NA,Rattanaporn2012,Rattanaporn2012,dental,coronal,long.lag,66,yes,Female1,aspirated,yes
Sino-Tibetan,Karen (Sgaw),NA,Rattanaporn2012,Rattanaporn2012,bilabial,labial,long.lag,59,yes,Male2,aspirated,yes
Sino-Tibetan,Karen (Sgaw),NA,Rattanaporn2012,Rattanaporn2012,bilabial,labial,short.lag,10,yes,Female1,unaspirated,yes
Sino-Tibetan,Karen (Sgaw),NA,Rattanaporn2012,Rattanaporn2012,bilabial,labial,short.lag,15,yes,Male2,unaspirated,yes
Sino-Tibetan,Karen (Sgaw),NA,Rattanaporn2012,Rattanaporn2012,bilabial,labial,short.lag,12,yes,Female2,unaspirated,yes
Sino-Tibetan,Karen (Sgaw),NA,Rattanaporn2012,Rattanaporn2012,bilabial,labial,short.lag,15,yes,Female3,unaspirated,yes
Sino-Tibetan,Karen (Sgaw),NA,Rattanaporn2012,Rattanaporn2012,bilabial,labial,short.lag,18,yes,Male1,unaspirated,yes
Sino-Tibetan,Karen (Sgaw),NA,Rattanaporn2012,Rattanaporn2012,velar,dorsal,short.lag,33,yes,Female1,unaspirated,yes
Sino-Tibetan,Karen (Sgaw),NA,Rattanaporn2012,Rattanaporn2012,bilabial,labial,short.lag,14,yes,Male3,unaspirated,yes
Sino-Tibetan,Karen (Sgaw),NA,Rattanaporn2012,Rattanaporn2012,dental,coronal,long.lag,55,yes,Male2,aspirated,yes
Sino-Tibetan,Karen (Sgaw),NA,Rattanaporn2012,Rattanaporn2012,velar,dorsal,long.lag,98,yes,Male3,aspirated,yes
Sino-Tibetan,Karen (Sgaw),NA,Rattanaporn2012,Rattanaporn2012,bilabial,labial,long.lag,65,yes,Male1,aspirated,yes
Sino-Tibetan,Karen (Sgaw),NA,Rattanaporn2012,Rattanaporn2012,velar,dorsal,long.lag,68,yes,Male2,aspirated,yes
Sino-Tibetan,Karen (Sgaw),NA,Rattanaporn2012,Rattanaporn2012,palatal,dorsal,short.lag,30,yes,Male2,unaspirated,yes
Sino-Tibetan,Karen (Sgaw),NA,Rattanaporn2012,Rattanaporn2012,palatal,dorsal,short.lag,43,yes,Male3,unaspirated,yes
Sino-Tibetan,Karen (Sgaw),NA,Rattanaporn2012,Rattanaporn2012,palatal,dorsal,short.lag,25,yes,Female2,unaspirated,yes
Sino-Tibetan,Karen (Sgaw),NA,Rattanaporn2012,Rattanaporn2012,dental,coronal,short.lag,19,yes,Male1,unaspirated,yes
Sino-Tibetan,Karen (Sgaw),NA,Rattanaporn2012,Rattanaporn2012,dental,coronal,short.lag,11,yes,Female1,unaspirated,yes
Sino-Tibetan,Karen (Sgaw),NA,Rattanaporn2012,Rattanaporn2012,dental,coronal,short.lag,14,yes,Male3,unaspirated,yes
Sino-Tibetan,Karen (Sgaw),NA,Rattanaporn2012,Rattanaporn2012,palatal,dorsal,short.lag,37,yes,Female1,unaspirated,yes
Sino-Tibetan,Karen (Sgaw),NA,Rattanaporn2012,Rattanaporn2012,palatal,dorsal,short.lag,30,yes,Female3,unaspirated,yes
Sino-Tibetan,Karen (Sgaw),NA,Rattanaporn2012,Rattanaporn2012,dental,coronal,short.lag,15,yes,Male2,unaspirated,yes
Sino-Tibetan,Karen (Sgaw),NA,Rattanaporn2012,Rattanaporn2012,velar,dorsal,short.lag,30,yes,Female3,unaspirated,yes
Sino-Tibetan,Karen (Sgaw),NA,Rattanaporn2012,Rattanaporn2012,palatal,dorsal,short.lag,40,yes,Male1,unaspirated,yes
Sino-Tibetan,Karen (Sgaw),NA,Rattanaporn2012,Rattanaporn2012,velar,dorsal,short.lag,29,yes,Female2,unaspirated,yes
Sino-Tibetan,Karen (Sgaw),NA,Rattanaporn2012,Rattanaporn2012,velar,dorsal,short.lag,33,yes,Male1,unaspirated,yes
Sino-Tibetan,Karen (Sgaw),NA,Rattanaporn2012,Rattanaporn2012,dental,coronal,lead,-53,yes,Female1,voiced,yes
Sino-Tibetan,Karen (Sgaw),NA,Rattanaporn2012,Rattanaporn2012,dental,coronal,lead,-29,yes,Male2,voiced,yes
Sino-Tibetan,Karen (Sgaw),NA,Rattanaporn2012,Rattanaporn2012,dental,coronal,lead,-40,yes,Female2,voiced,yes
Sino-Tibetan,Karen (Sgaw),NA,Rattanaporn2012,Rattanaporn2012,bilabial,labial,lead,-70,yes,Female3,voiced,yes
Sino-Tibetan,Karen (Sgaw),NA,Rattanaporn2012,Rattanaporn2012,bilabial,labial,lead,-59,yes,Male1,voiced,yes
Sino-Tibetan,Karen (Sgaw),NA,Rattanaporn2012,Rattanaporn2012,dental,coronal,lead,-58,yes,Male3,voiced,yes
Sino-Tibetan,Karen (Sgaw),NA,Rattanaporn2012,Rattanaporn2012,bilabial,labial,lead,-80,yes,Female2,voiced,yes
Sino-Tibetan,Karen (Sgaw),NA,Rattanaporn2012,Rattanaporn2012,dental,coronal,lead,-60,yes,Female3,voiced,yes
Sino-Tibetan,Karen (Sgaw),NA,Rattanaporn2012,Rattanaporn2012,dental,coronal,lead,-54,yes,Male1,voiced,yes
Sino-Tibetan,Karen (Sgaw),NA,Rattanaporn2012,Rattanaporn2012,bilabial,labial,lead,-59,yes,Male2,voiced,yes
Sino-Tibetan,Karen (Sgaw),NA,Rattanaporn2012,Rattanaporn2012,bilabial,labial,lead,-69,yes,Male3,voiced,yes
Sino-Tibetan,Karen (Sgaw),NA,Rattanaporn2012,Rattanaporn2012,bilabial,labial,lead,-86,yes,Female1,voiced,yes
Sino-Tibetan,Karen (Sgaw),NA,Rattanaporn2012,Rattanaporn2012,velar,dorsal,short.lag,29,yes,Male2,unaspirated,yes
Sino-Tibetan,Karen (Sgaw),NA,Rattanaporn2012,Rattanaporn2012,velar,dorsal,short.lag,24,yes,Male3,unaspirated,yes
Sino-Tibetan,Karen (Sgaw),NA,Rattanaporn2012,Rattanaporn2012,dental,coronal,short.lag,15,yes,Female2,unaspirated,yes
Sino-Tibetan,Karen (Sgaw),NA,Rattanaporn2012,Rattanaporn2012,dental,coronal,short.lag,16,yes,Female3,unaspirated,yes
Tangkic,Kayardild,NA,Lo2010,NA,laminodental,coronal,short.lag,18.89,no,NA,voiceless,yes
Tangkic,Kayardild,NA,Lo2010,NA,dorsovelar,dorsal,short.lag,29.38,no,NA,voiceless,yes
Tangkic,Kayardild,NA,Lo2010,NA,bilabial,labial,short.lag,22.53,no,NA,voiceless,yes
Tangkic,Kayardild,NA,Lo2010,NA,apicoalveolar,coronal,short.lag,27.02,no,NA,voiceless,yes
Tangkic,Kayardild,NA,Lo2010,NA,retroflex,coronal,short.lag,31.5,no,NA,voiceless,yes
Tangkic,Kayardild,NA,Lo2010,NA,laminopalatal,dorsal,short.lag,30.6,no,NA,voiceless,yes
Sino-Tibetan,Khonoma Angami,NA,BlankenshipEtAl1993,NA,dental,coronal,long.lag,70,yes,frame sentence,aspirated,yes
Sino-Tibetan,Khonoma Angami,NA,BlankenshipEtAl1993,NA,velar,dorsal,long.lag,108,yes,frame sentence,aspirated,yes
Sino-Tibetan,Khonoma Angami,NA,BlankenshipEtAl1993,NA,bilabial,labial,long.lag,83,yes,frame sentence,aspirated,yes
Sino-Tibetan,Khonoma Angami,NA,ChoLadefoged1999,BlankenshipEtAl1992,bilabial,labial,long.lag,83,yes,NA,aspirated,yes
Sino-Tibetan,Khonoma Angami,NA,ChoLadefoged1999,BlankenshipEtAl1992,dental,coronal,long.lag,55,yes,NA,aspirated,yes
Sino-Tibetan,Khonoma Angami,NA,ChoLadefoged1999,BlankenshipEtAl1992,velar,dorsal,short.lag,20,yes,NA,unaspirated,yes
Sino-Tibetan,Khonoma Angami,NA,BlankenshipEtAl1993,NA,dental,coronal,short.lag,14,yes,frame sentence,unaspirated,yes
Sino-Tibetan,Khonoma Angami,NA,ChoLadefoged1999,BlankenshipEtAl1992,bilabial,labial,short.lag,10,yes,NA,unaspirated,yes
Sino-Tibetan,Khonoma Angami,NA,BlankenshipEtAl1993,NA,bilabial,labial,lead,-149,yes,isolated word,voiced,yes
Sino-Tibetan,Khonoma Angami,NA,BlankenshipEtAl1993,NA,dental,coronal,lead,-152,yes,isolated word,voiced,yes
Sino-Tibetan,Khonoma Angami,NA,BlankenshipEtAl1993,NA,velar,dorsal,lead,-118,yes,isolated word,voiced,yes
Sino-Tibetan,Khonoma Angami,NA,BlankenshipEtAl1993,NA,dental,coronal,lead,-201,yes,frame sentence,voiced,yes
Sino-Tibetan,Khonoma Angami,NA,BlankenshipEtAl1993,NA,velar,dorsal,lead,-169,yes,frame sentence,voiced,yes
Sino-Tibetan,Khonoma Angami,NA,BlankenshipEtAl1993,NA,bilabial,labial,lead,-172,yes,frame sentence,voiced,yes
Sino-Tibetan,Khonoma Angami,NA,ChoLadefoged1999,BlankenshipEtAl1992,dental,coronal,short.lag,9,yes,NA,unaspirated,yes
Sino-Tibetan,Khonoma Angami,NA,BlankenshipEtAl1993,NA,bilabial,labial,short.lag,10,yes,frame sentence,unaspirated,yes
Sino-Tibetan,Khonoma Angami,NA,ChoLadefoged1999,Homma1981,velar,dorsal,long.lag,91,yes,NA,aspirated,yes
Sino-Tibetan,Khonoma Angami,NA,BlankenshipEtAl1993,NA,velar,dorsal,short.lag,29,yes,frame sentence,unaspirated,yes
Korean,Korean,NA,BangEtAl2018,NA,NA,dorsal,long.lag,89.26,yes,1940s,aspirated,yes
Korean,Korean,NA,BangEtAl2018,NA,NA,labial,long.lag,57.05,yes,1950s,aspirated,yes
Korean,Korean,NA,BangEtAl2018,NA,NA,dorsal,long.lag,106.77,yes,1930s,aspirated,yes
Korean,Korean,NA,BangEtAl2018,NA,NA,labial,long.lag,51.17,yes,1970s,aspirated,yes
Korean,Korean,NA,LiskerAbramson1964,LiskerAbramson1964,labial,labial,long.lag,91,yes,NA,aspirated,yes
Korean,Korean,NA,BangEtAl2018,NA,NA,dorsal,long.lag,69.39,yes,1970s,aspirated,yes
Korean,Korean,NA,Shimizu1989,Shimizu1989,NA,labial,long.lag,86,yes,NA,voiceless aspirated,yes
Korean,Korean,NA,BangEtAl2018,NA,NA,coronal,long.lag,53.06,yes,1930s,aspirated,yes
Korean,Korean,NA,BangEtAl2018,NA,NA,coronal,long.lag,34.45,yes,1970s,aspirated,yes
Korean,Korean,NA,BangEtAl2018,NA,NA,labial,long.lag,48.72,yes,1980s,aspirated,yes
Korean,Korean,NA,BangEtAl2018,NA,NA,coronal,long.lag,32.2,yes,1980s,aspirated,yes
Korean,Korean,NA,BangEtAl2018,NA,NA,dorsal,long.lag,79.25,yes,1950s,aspirated,yes
Korean,Korean,NA,BangEtAl2018,NA,NA,dorsal,long.lag,79.2,yes,1960s,aspirated,yes
Korean,Korean,NA,BangEtAl2018,NA,NA,labial,long.lag,84.31,yes,1930s,aspirated,yes
Korean,Korean,NA,BangEtAl2018,NA,NA,labial,long.lag,61.94,yes,1960s,aspirated,yes
Korean,Korean,NA,LiskerAbramson1964,LiskerAbramson1964,dental,coronal,long.lag,94,yes,NA,aspirated,yes
Korean,Korean,NA,Silva2006,Silva2006,NA,coronal,long.lag,72,yes,female.phrase.initial,aspirated,yes
Korean,Korean,NA,LiskerAbramson1964,LiskerAbramson1964,NA,dorsal,long.lag,126,yes,NA,aspirated,yes
Korean,Korean,NA,Silva2006,Silva2006,NA,coronal,long.lag,73.2,yes,male.phrase.initial,aspirated,yes
Korean,Korean,NA,BangEtAl2018,NA,NA,coronal,long.lag,40.81,yes,1950s,aspirated,yes
Korean,Korean,NA,Silva2006,Silva2006,NA,dorsal,long.lag,81.8,yes,female.phrase.initial,aspirated,yes
Korean,Korean,NA,Shimizu1989,Shimizu1989,NA,coronal,long.lag,85,yes,NA,voiceless aspirated,yes
Korean,Korean,NA,Silva2006,Silva2006,NA,dorsal,long.lag,73.4,yes,male.phrase.initial,aspirated,yes
Korean,Korean,NA,BangEtAl2018,NA,NA,dorsal,long.lag,62.95,yes,1980s,aspirated,yes
Korean,Korean,NA,BangEtAl2018,NA,NA,coronal,long.lag,43.66,yes,1960s,aspirated,yes
Korean,Korean,NA,BangEtAl2018,NA,NA,labial,long.lag,72.77,yes,1940s,aspirated,yes
Korean,Korean,NA,BangEtAl2018,NA,NA,coronal,long.lag,52.6,yes,1940s,aspirated,yes
Korean,Korean,NA,Silva2006,Silva2006,NA,labial,long.lag,67.4,yes,male.phrase.initial,aspirated,yes
Korean,Korean,NA,BangEtAl2018,NA,NA,labial,long.lag,45.12,yes,1960s,lax,yes
Korean,Korean,NA,BangEtAl2018,NA,NA,dorsal,long.lag,51.69,yes,1930s,lax,yes
Korean,Korean,NA,Silva2006,Silva2006,NA,dorsal,long.lag,73.7,yes,female.phrase.initial,lax,yes
Korean,Korean,NA,Shimizu1989,Shimizu1989,NA,coronal,long.lag,20,yes,NA,voiceless lax unaspirated,yes
Korean,Korean,NA,Silva2006,Silva2006,NA,labial,long.lag,62.5,yes,female.phrase.initial,lax,yes
Korean,Korean,NA,Silva2006,Silva2006,NA,labial,long.lag,59.6,yes,male.phrase.initial,lax,yes
Korean,Korean,NA,BangEtAl2018,NA,NA,labial,long.lag,41.38,yes,1970s,lax,yes
Korean,Korean,NA,BangEtAl2018,NA,NA,labial,long.lag,42.1,yes,1950s,lax,yes
Korean,Korean,NA,BangEtAl2018,NA,NA,coronal,long.lag,42.51,yes,1950s,lax,yes
Korean,Korean,NA,BangEtAl2018,NA,NA,dorsal,long.lag,49.94,yes,1950s,lax,yes
Korean,Korean,NA,Silva2006,Silva2006,NA,coronal,long.lag,62.9,yes,male.phrase.initial,lax,yes
Korean,Korean,NA,Shimizu1989,Shimizu1989,NA,labial,long.lag,31,yes,NA,voiceless lax unaspirated,yes
Korean,Korean,NA,BangEtAl2018,NA,NA,labial,long.lag,39.54,yes,1980s,lax,yes
Korean,Korean,NA,BangEtAl2018,NA,NA,coronal,long.lag,43.23,yes,1980s,lax,yes
Korean,Korean,NA,BangEtAl2018,NA,NA,coronal,long.lag,45.23,yes,1960s,lax,yes
Korean,Korean,NA,BangEtAl2018,NA,NA,dorsal,long.lag,54.08,yes,1960s,lax,yes
Korean,Korean,NA,BangEtAl2018,NA,NA,coronal,long.lag,41.34,yes,1940s,lax,yes
Korean,Korean,NA,BangEtAl2018,NA,NA,dorsal,long.lag,50.41,yes,1940s,lax,yes
Korean,Korean,NA,LiskerAbramson1964,LiskerAbramson1964,labial,labial,long.lag,18,yes,NA,lax,yes
Korean,Korean,NA,BangEtAl2018,NA,NA,dorsal,long.lag,47.39,yes,1980s,lax,yes
Korean,Korean,NA,BangEtAl2018,NA,NA,coronal,long.lag,42.77,yes,1970s,lax,yes
Korean,Korean,NA,BangEtAl2018,NA,NA,dorsal,long.lag,49.27,yes,1970s,lax,yes
Korean,Korean,NA,LiskerAbramson1964,LiskerAbramson1964,NA,dorsal,long.lag,47,yes,NA,lax,yes
Korean,Korean,NA,BangEtAl2018,NA,NA,labial,long.lag,44.34,yes,1940s,lax,yes
Korean,Korean,NA,LiskerAbramson1964,LiskerAbramson1964,dental,coronal,long.lag,25,yes,NA,lax,yes
Korean,Korean,NA,Shimizu1989,Shimizu1989,NA,dorsal,long.lag,49,yes,NA,voiceless lax unaspirated,yes
Korean,Korean,NA,Silva2006,Silva2006,NA,dorsal,long.lag,67.1,yes,male.phrase.initial,lax,yes
Korean,Korean,NA,Silva2006,Silva2006,NA,coronal,long.lag,65.2,yes,female.phrase.initial,lax,yes
Korean,Korean,NA,Shimizu1989,Shimizu1989,NA,dorsal,long.lag,96,yes,NA,voiceless aspirated,yes
Korean,Korean,NA,Silva2006,Silva2006,NA,labial,long.lag,74.3,yes,female.phrase.initial,aspirated,yes
Korean,Korean,NA,BangEtAl2018,NA,NA,coronal,long.lag,37.26,yes,1930s,lax,yes
Korean,Korean,NA,BangEtAl2018,NA,NA,labial,long.lag,39.66,yes,1930s,lax,yes
Indo-European,Kurmanji,NA,Zirak,Zirak,NA,coronal,long.lag,63.4,yes,Generation2,aspirated,yes
Indo-European,Kurmanji,NA,Zirak,Zirak,NA,coronal,long.lag,39.04,yes,Generation1,aspirated,yes
Indo-European,Kurmanji,NA,Zirak,Zirak,NA,dorsal,long.lag,78.84,yes,Generation2,aspirated,yes
Indo-European,Kurmanji,NA,Zirak,Zirak,NA,labial,long.lag,59.86,yes,Generation2,aspirated,yes
Indo-European,Kurmanji,NA,Zirak,Zirak,NA,dorsal,long.lag,54.83,yes,Generation1,aspirated,yes
Indo-European,Kurmanji,NA,Zirak,Zirak,NA,labial,long.lag,39.56,yes,Generation1,aspirated,yes
Indo-European,Kurmanji,NA,Zirak,Zirak,NA,labial,long.lag,22.91,yes,Generation1,unaspirated,yes
Indo-European,Kurmanji,NA,Zirak,Zirak,NA,coronal,long.lag,24.49,yes,Generation1,unaspirated,yes
Indo-European,Kurmanji,NA,Zirak,Zirak,NA,dorsal,long.lag,58.68,yes,Generation2,unaspirated,yes
Indo-European,Kurmanji,NA,Zirak,Zirak,NA,coronal,long.lag,52.97,yes,Generation2,unaspirated,yes
Indo-European,Kurmanji,NA,Zirak,Zirak,NA,labial,long.lag,43.44,yes,Generation2,unaspirated,yes
Indo-European,Kurmanji,NA,Zirak,Zirak,NA,dorsal,long.lag,40.68,yes,Generation1,unaspirated,yes
Sino-Tibetan,Kurtop,NA,Hyslop2011,Hyslop2011,palatal,dorsal,long.lag,99.31,yes,speaker2,voiceless aspirated,yes
Sino-Tibetan,Kurtop,NA,Hyslop2011,Hyslop2011,retroflex,coronal,long.lag,60.62,yes,speaker2,voiceless aspirated,yes
Sino-Tibetan,Kurtop,NA,Hyslop2011,Hyslop2011,velar,dorsal,long.lag,76.97,yes,speaker2,voiceless aspirated,yes
Sino-Tibetan,Kurtop,NA,Hyslop2011,Hyslop2011,dental,coronal,long.lag,59.05,yes,speaker2,voiceless aspirated,yes
Sino-Tibetan,Kurtop,NA,Hyslop2011,Hyslop2011,bilabial,labial,long.lag,77.42,yes,speaker1,voiceless aspirated,yes
Sino-Tibetan,Kurtop,NA,Hyslop2011,Hyslop2011,bilabial,labial,long.lag,65.02,yes,speaker2,voiceless aspirated,yes
Sino-Tibetan,Kurtop,NA,Hyslop2011,Hyslop2011,palatal,dorsal,long.lag,115.9,yes,speaker1,voiceless aspirated,yes
Sino-Tibetan,Kurtop,NA,Hyslop2011,Hyslop2011,dental,coronal,long.lag,73.45,yes,speaker1,voiceless aspirated,yes
Sino-Tibetan,Kurtop,NA,Hyslop2011,Hyslop2011,velar,dorsal,long.lag,97.99,yes,speaker1,voiceless aspirated,yes
Sino-Tibetan,Kurtop,NA,Hyslop2011,Hyslop2011,retroflex,coronal,long.lag,75.23,yes,speaker1,voiceless aspirated,yes
Sino-Tibetan,Kurtop,NA,Hyslop2011,Hyslop2011,retroflex,coronal,long.lag,22.23,yes,speaker2,voiceless unaspirated,yes
Sino-Tibetan,Kurtop,NA,Hyslop2011,Hyslop2011,velar,dorsal,long.lag,50.17,yes,speaker2,voiceless unaspirated,yes
Sino-Tibetan,Kurtop,NA,Hyslop2011,Hyslop2011,palatal,dorsal,long.lag,75.27,yes,speaker2,voiceless unaspirated,yes
Sino-Tibetan,Kurtop,NA,Hyslop2011,Hyslop2011,velar,dorsal,long.lag,46.22,yes,speaker1,voiceless unaspirated,yes
Sino-Tibetan,Kurtop,NA,Hyslop2011,Hyslop2011,bilabial,labial,long.lag,25.26,yes,speaker2,voiceless unaspirated,yes
Sino-Tibetan,Kurtop,NA,Hyslop2011,Hyslop2011,dental,coronal,long.lag,26.93,yes,speaker1,voiceless unaspirated,yes
Sino-Tibetan,Kurtop,NA,Hyslop2011,Hyslop2011,dental,coronal,lead,-62.23,yes,speaker2,voiced,yes
Sino-Tibetan,Kurtop,NA,Hyslop2011,Hyslop2011,bilabial,labial,lead,-55.63,yes,speaker1,voiced,yes
Sino-Tibetan,Kurtop,NA,Hyslop2011,Hyslop2011,palatal,dorsal,lead,-33.87,yes,speaker1,voiced,yes
Sino-Tibetan,Kurtop,NA,Hyslop2011,Hyslop2011,dental,coronal,long.lag,22.63,yes,speaker2,voiceless unaspirated,yes
Sino-Tibetan,Kurtop,NA,Hyslop2011,Hyslop2011,bilabial,labial,long.lag,19.04,yes,speaker1,voiceless unaspirated,yes
Sino-Tibetan,Kurtop,NA,Hyslop2011,Hyslop2011,palatal,dorsal,long.lag,70.61,yes,speaker1,voiceless unaspirated,yes
Sino-Tibetan,Kurtop,NA,Hyslop2011,Hyslop2011,retroflex,coronal,long.lag,31.68,yes,speaker1,voiceless unaspirated,yes
Sino-Tibetan,Kurtop,NA,Hyslop2011,Hyslop2011,dental,coronal,lead,-74.23,yes,speaker1,voiced,yes
Sino-Tibetan,Kurtop,NA,Hyslop2011,Hyslop2011,bilabial,labial,lead,-74.27,yes,speaker2,voiced,yes
Sino-Tibetan,Kurtop,NA,Hyslop2011,Hyslop2011,velar,dorsal,lead,-41.47,yes,speaker1,voiced,yes
Sino-Tibetan,Kurtop,NA,Hyslop2011,Hyslop2011,velar,dorsal,lead,-11.27,yes,speaker2,voiced,yes
Sino-Tibetan,Kurtop,NA,Hyslop2011,Hyslop2011,palatal,dorsal,lead,-32.48,yes,speaker2,voiced,yes
Sino-Tibetan,Kurtop,NA,Hyslop2011,Hyslop2011,retroflex,coronal,lead,-55.08,yes,speaker1,voiced,yes
Wakashan,Kwakw'ala,NA,Mayer2010,NA,labialized.velar,dorsal,long.lag,106,yes,#_a,voiceless aspirated,yes
Wakashan,Kwakw'ala,NA,Mayer2010,NA,uvular,dorsal,long.lag,68,yes,#_a,voiceless aspirated,yes
Wakashan,Kwakw'ala,NA,Mayer2010,NA,uvular.labialized,dorsal,long.lag,100,yes,#_a,voiceless aspirated,yes
Wakashan,Kwakw'ala,NA,Mayer2010,NA,bilabial,labial,long.lag,78,yes,#_i,voiceless aspirated,yes
Wakashan,Kwakw'ala,NA,Mayer2010,NA,alveolar,coronal,long.lag,75,yes,#_i,voiceless aspirated,yes
Wakashan,Kwakw'ala,NA,Mayer2010,NA,palatalized.velar,dorsal,long.lag,100,yes,#_i,voiceless aspirated,yes
Wakashan,Kwakw'ala,NA,Mayer2010,NA,labialized.velar,dorsal,long.lag,100,yes,#_i,voiceless aspirated,yes
Wakashan,Kwakw'ala,NA,Mayer2010,NA,alveolar,coronal,long.lag,68,yes,#_a,voiceless aspirated,yes
Wakashan,Kwakw'ala,NA,Mayer2010,NA,palatalized.velar,dorsal,long.lag,102,yes,#_a,voiceless aspirated,yes
Wakashan,Kwakw'ala,NA,Mayer2010,NA,uvular,dorsal,long.lag,86,yes,#_u,voiceless aspirated,yes
Wakashan,Kwakw'ala,NA,Mayer2010,NA,alveolar,coronal,long.lag,38,yes,#_u,voiceless aspirated,yes
Wakashan,Kwakw'ala,NA,Mayer2010,NA,palatalized.velar,dorsal,long.lag,110,yes,#_u,voiceless aspirated,yes
Wakashan,Kwakw'ala,NA,Mayer2010,NA,alveolar,coronal,short.lag,8,yes,#_a,voiced,yes
Wakashan,Kwakw'ala,NA,Mayer2010,NA,bilabial,labial,short.lag,5,yes,#_a,voiced,yes
Wakashan,Kwakw'ala,NA,Mayer2010,NA,uvular.labialized,dorsal,short.lag,34,yes,#_a,voiced,yes
Wakashan,Kwakw'ala,NA,Mayer2010,NA,palatalized.velar,dorsal,short.lag,35,yes,#_a,voiced,yes
Wakashan,Kwakw'ala,NA,Mayer2010,NA,labialized.velar,dorsal,short.lag,42,yes,#_a,voiced,yes
Wakashan,Kwakw'ala,NA,Mayer2010,NA,uvular,dorsal,short.lag,7,yes,#_a,voiced,yes
Wakashan,Kwakw'ala,NA,Mayer2010,NA,labialized.velar,dorsal,short.lag,10,yes,#_i,voiced,yes
Wakashan,Kwakw'ala,NA,Mayer2010,NA,bilabial,labial,short.lag,4,yes,#_i,voiced,yes
Wakashan,Kwakw'ala,NA,Mayer2010,NA,alveolar,coronal,short.lag,12,yes,#_i,voiced,yes
Wakashan,Kwakw'ala,NA,Mayer2010,NA,palatalized.velar,dorsal,short.lag,24,yes,#_i,voiced,yes
Wakashan,Kwakw'ala,NA,Mayer2010,NA,alveolar,coronal,short.lag,-2,yes,#_u,voiced,yes
Wakashan,Kwakw'ala,NA,Mayer2010,NA,palatalized.velar,dorsal,short.lag,42,yes,#_u,voiced,yes
Wakashan,Kwakw'ala,NA,Mayer2010,NA,uvular,dorsal,short.lag,18,yes,#_u,voiced,yes
Wakashan,Kwakw'ala,NA,Mayer2010,NA,uvular,dorsal,short.lag,6,yes,#_i,voiced,yes
Wakashan,Kwakw'ala,NA,Mayer2010,NA,uvular.labialized,dorsal,short.lag,20,yes,#_i,voiced,yes
Wakashan,Kwakw'ala,NA,Mayer2010,NA,bilabial,labial,short.lag,-2,yes,#_u,voiced,yes
Wakashan,Kwakw'ala,NA,Mayer2010,NA,uvular.labialized,dorsal,long.lag,68,yes,#_i,voiceless aspirated,yes
Wakashan,Kwakw'ala,NA,Mayer2010,NA,bilabial,labial,long.lag,74,yes,#_u,voiceless aspirated,yes
Wakashan,Kwakw'ala,NA,Mayer2010,NA,bilabial,labial,long.lag,53,yes,#_a,voiceless aspirated,yes
Wakashan,Kwakw'ala,NA,Mayer2010,NA,uvular,dorsal,long.lag,78,yes,#_i,voiceless aspirated,yes
Austronesian,Madurese,NA,Cohn1998,NA,velar,dorsal,long.lag,59,yes,NA,voiceless aspirated,yes
Austronesian,Madurese,NA,Misnadin,Misnadin,NA,coronal,long.lag,29,yes,NA,aspirated,yes
Austronesian,Madurese,NA,Misnadin,Misnadin,NA,labial,long.lag,30,yes,NA,aspirated,yes
Austronesian,Madurese,NA,Misnadin,Misnadin,NA,coronal,short.lag,12,yes,NA,voiceless,yes
Austronesian,Madurese,NA,Cohn1998,NA,velar,dorsal,short.lag,26,yes,NA,voiceless unaspirated,yes
Austronesian,Madurese,NA,Misnadin,Misnadin,velar,dorsal,short.lag,20,yes,NA,voiceless,yes
Austronesian,Madurese,NA,Misnadin,Misnadin,palatal,dorsal,short.lag,25,yes,NA,voiceless,yes
Austronesian,Madurese,NA,Cohn1998,NA,bilabial,labial,short.lag,11,yes,NA,voiceless unaspirated,yes
Austronesian,Madurese,NA,Cohn1998,NA,dental,coronal,short.lag,14,yes,NA,voiceless unaspirated,yes
Austronesian,Madurese,NA,Misnadin,Misnadin,NA,labial,short.lag,10,yes,NA,voiceless,yes
Austronesian,Madurese,NA,CohnLockwood1994,NA,bilabial,labial,short.lag,17,yes,NA,voiceless unaspirated,yes
Austronesian,Madurese,NA,CohnLockwood1994,NA,bilabial,labial,lead,5,yes,NA,voiced,yes
Austronesian,Madurese,NA,Misnadin,Misnadin,palatal,dorsal,long.lag,51,yes,NA,aspirated,yes
Austronesian,Madurese,NA,CohnLockwood1994,NA,bilabial,labial,long.lag,32,yes,NA,voiceless aspirated,yes
Austronesian,Madurese,NA,Cohn1998,NA,bilabial,labial,long.lag,50,yes,NA,voiceless aspirated,yes
Austronesian,Madurese,NA,Misnadin,Misnadin,velar,dorsal,long.lag,40,yes,NA,aspirated,yes
Austronesian,Madurese,NA,Misnadin,Misnadin,palatal,dorsal,lead,-44,yes,NA,voiced,yes
Austronesian,Madurese,NA,Misnadin,Misnadin,velar,dorsal,lead,-64,yes,NA,voiced,yes
Austronesian,Madurese,NA,Cohn1998,NA,bilabial,labial,lead,4,yes,NA,voiced,yes
Austronesian,Madurese,NA,Cohn1998,NA,retroflex,coronal,lead,2,yes,NA,voiced,yes
Austronesian,Madurese,NA,Misnadin,Misnadin,NA,coronal,lead,-57,yes,NA,voiced,yes
Austronesian,Madurese,NA,Misnadin,Misnadin,NA,labial,lead,-69,yes,NA,voiced,yes
Austronesian,Malay,Singaporean,Ng2005,NA,velar,dorsal,short.lag,36.02,yes,NA,unaspirated,yes
Austronesian,Malay,Singaporean,Ng2005,NA,bilabial,labial,short.lag,6.2,yes,NA,unaspirated,yes
Austronesian,Malay,Singaporean,Ng2005,NA,alveolar,coronal,short.lag,7.58,yes,NA,unaspirated,yes
Mayan,Mam (Southern),NA,Morris,NA,velar,dorsal,long.lag,42.3,no,NA,voiceless,yes
Mayan,Mam (Southern),NA,Morris,NA,uvular,dorsal,long.lag,52.7,no,NA,voiceless,yes
Mayan,Mam (Southern),NA,Morris,NA,bilabial,labial,long.lag,13.8,no,NA,voiceless,yes
Sino-Tibetan,Mandarin,NA,DeterdingNolan2007,NA,NA,dorsal,long.lag,98.4,yes,NA,aspirated,yes
Sino-Tibetan,Mandarin,NA,Knoll2015,WuEtAl1989,NA,coronal,long.lag,100,yes,NA,aspirated,yes
Sino-Tibetan,Mandarin,NA,Knoll2015,ChaoEtAl2006,NA,coronal,long.lag,75.5,yes,NA,aspirated,yes
Sino-Tibetan,Mandarin,NA,Knoll2015,RochetFei1991,NA,labial,long.lag,99.6,yes,NA,aspirated,yes
Sino-Tibetan,Mandarin,NA,Knoll2015,ChaoChen2008,NA,labial,long.lag,82,yes,NA,aspirated,yes
Sino-Tibetan,Mandarin,NA,Knoll2015,ChaoChen2008,NA,dorsal,long.lag,92,yes,NA,aspirated,yes
Sino-Tibetan,Mandarin,NA,Knoll2015,ChaoEtAl2006,NA,labial,long.lag,77.8,yes,NA,aspirated,yes
Sino-Tibetan,Mandarin,NA,Knoll2015,WuEtAl1989,NA,dorsal,long.lag,85,yes,NA,aspirated,yes
Sino-Tibetan,Mandarin,NA,Knoll2015,ShiLiao1986,NA,coronal,long.lag,100,yes,NA,aspirated,yes
Sino-Tibetan,Mandarin,NA,Knoll2015,ShiLiao1986,NA,dorsal,long.lag,103,yes,NA,aspirated,yes
Sino-Tibetan,Mandarin,NA,DeterdingNolan2007,NA,NA,coronal,long.lag,85.6,yes,NA,aspirated,yes
Sino-Tibetan,Mandarin,NA,Knoll2015,ChaoEtAl2006,NA,dorsal,long.lag,85.7,yes,NA,aspirated,yes
Sino-Tibetan,Mandarin,NA,Knoll2015,ShiLiao1986,NA,labial,long.lag,94,yes,NA,aspirated,yes
Sino-Tibetan,Mandarin,NA,Knoll2015,ChaoChen2008,NA,coronal,long.lag,81,yes,NA,aspirated,yes
Sino-Tibetan,Mandarin,NA,Knoll2015,WuEtAl1989,NA,labial,long.lag,72,yes,NA,aspirated,yes
Sino-Tibetan,Mandarin,NA,DeterdingNolan2007,NA,NA,dorsal,short.lag,25.2,yes,NA,unaspirated,yes
Sino-Tibetan,Mandarin,NA,Knoll2015,ChaoEtAl2006,NA,coronal,short.lag,15.3,yes,NA,unaspirated,yes
Sino-Tibetan,Mandarin,NA,Knoll2015,ChaoChen2008,NA,labial,short.lag,14,yes,NA,unaspirated,yes
Sino-Tibetan,Mandarin,NA,Knoll2015,ChaoChen2008,NA,coronal,short.lag,16,yes,NA,unaspirated,yes
Sino-Tibetan,Mandarin,NA,Knoll2015,WuEtAl1989,NA,labial,short.lag,7,yes,NA,unaspirated,yes
Sino-Tibetan,Mandarin,NA,Knoll2015,WuEtAl1989,NA,dorsal,short.lag,19,yes,NA,unaspirated,yes
Sino-Tibetan,Mandarin,NA,Knoll2015,ShiLiao1986,NA,labial,short.lag,7,yes,NA,unaspirated,yes
Sino-Tibetan,Mandarin,NA,Knoll2015,ShiLiao1986,NA,dorsal,short.lag,18,yes,NA,unaspirated,yes
Sino-Tibetan,Mandarin,NA,DeterdingNolan2007,NA,NA,coronal,short.lag,13.6,yes,NA,unaspirated,yes
Sino-Tibetan,Mandarin,NA,Knoll2015,RochetFei1991,NA,coronal,long.lag,98.7,yes,NA,aspirated,yes
Sino-Tibetan,Mandarin,NA,Knoll2015,RochetFei1991,NA,dorsal,long.lag,110.3,yes,NA,aspirated,yes
Sino-Tibetan,Mandarin,NA,DeterdingNolan2007,NA,NA,labial,long.lag,85.2,yes,NA,aspirated,yes
Sino-Tibetan,Mandarin,NA,Knoll2015,ChaoEtAl2006,NA,labial,short.lag,13.9,yes,NA,unaspirated,yes
Sino-Tibetan,Mandarin,NA,Maddieson2004,Shimizu1996,NA,dorsal,short.lag,19,yes,NA,unaspirated,yes
Sino-Tibetan,Mandarin,NA,DeterdingNolan2007,NA,NA,labial,short.lag,11,yes,NA,unaspirated,yes
Sino-Tibetan,Mandarin,NA,Knoll2015,ShiLiao1986,NA,coronal,short.lag,7,yes,NA,unaspirated,yes
Sino-Tibetan,Mandarin,NA,Knoll2015,ChaoChen2008,NA,dorsal,short.lag,27,yes,NA,unaspirated,yes
Sino-Tibetan,Mandarin,Singaporean,Shin2018,Ng2005,NA,coronal,long.lag,106.62,yes,NA,aspirated,yes
Sino-Tibetan,Mandarin,Singaporean,Shin2018,Ng2005,NA,labial,long.lag,85.67,yes,NA,aspirated,yes
Sino-Tibetan,Mandarin,Singaporean,Shin2018,Ng2005,NA,dorsal,long.lag,79.41,yes,NA,aspirated,yes
Sino-Tibetan,Mandarin,Singaporean,Shin2018,Ng2005,NA,dorsal,short.lag,19.46,yes,NA,unaspirated,yes
Sino-Tibetan,Mandarin,Singaporean,Shin2018,Ng2005,NA,labial,short.lag,3.45,yes,NA,unaspirated,yes
Sino-Tibetan,Mandarin,Singaporean,Shin2018,Ng2005,NA,coronal,short.lag,4.56,yes,NA,unaspirated,yes
Sino-Tibetan,Mandarin,NA,Knoll2015,WuEtAl1989,NA,coronal,short.lag,9,yes,NA,unaspirated,yes
Sino-Tibetan,Mandarin,NA,Knoll2015,ChaoEtAl2006,NA,dorsal,short.lag,27.4,yes,NA,unaspirated,yes
Sino-Tibetan,Mandarin,NA,Maddieson2004,Shimizu1996,NA,labial,short.lag,7,yes,NA,unaspirated,yes
Sino-Tibetan,Mandarin,NA,Maddieson2004,Shimizu1996,NA,coronal,short.lag,12,yes,NA,unaspirated,yes
Indo-European,Marathi,NA,PatilRao2016,NA,velar,dorsal,long.lag,77,yes,NA,voiceless aspirated,yes
Indo-European,Marathi,NA,PatilRao2016,NA,retroflex,coronal,long.lag,47,yes,NA,voiceless aspirated,yes
Indo-European,Marathi,NA,Berkson2012,Berkson2012,bilabial,labial,long.lag,110,yes,noise offset time,voiceless aspirated,yes
Indo-European,Marathi,NA,Berkson2012,Berkson2012,dental,coronal,short.lag,16,yes,noise offset time,voiceless unaspirated,yes
Indo-European,Marathi,NA,Berkson2012,Berkson2012,bilabial,labial,short.lag,13,yes,noise offset time,voiceless unaspirated,yes
Indo-European,Marathi,NA,PatilRao2016,NA,velar,dorsal,short.lag,30,yes,NA,voiceless unaspirated,yes
Indo-European,Marathi,NA,Berkson2012,Berkson2012,velar,dorsal,short.lag,27,yes,noise offset time,voiceless unaspirated,yes
Indo-European,Marathi,NA,PatilRao2016,NA,dental,coronal,short.lag,17,yes,NA,voiceless unaspirated,yes
Indo-European,Marathi,NA,PatilRao2016,NA,retroflex,coronal,short.lag,12,yes,NA,voiceless unaspirated,yes
Indo-European,Marathi,NA,Berkson2012,Berkson2012,retroflex,coronal,long.lag,109,yes,noise offset time,voiceless aspirated,yes
Indo-European,Marathi,NA,Berkson2012,Berkson2012,velar,dorsal,long.lag,128,yes,noise offset time,voiceless aspirated,yes
Indo-European,Marathi,NA,PatilRao2016,NA,dental,coronal,long.lag,56,yes,NA,voiceless aspirated,yes
Indo-European,Marathi,NA,Berkson2012,Berkson2012,dental,coronal,long.lag,113,yes,noise offset time,voiceless aspirated,yes
Indo-European,Marathi,NA,Berkson2012,Berkson2012,retroflex,coronal,short.lag,8,yes,noise offset time,voiced unaspirated,yes
Indo-European,Marathi,NA,Berkson2012,Berkson2012,velar,dorsal,short.lag,21,yes,noise offset time,voiced unaspirated,yes
Indo-European,Marathi,NA,PatilRao2016,NA,labial,labial,short.lag,11,yes,lag VOT,voiced unaspirated,yes
Indo-European,Marathi,NA,PatilRao2016,NA,retroflex,coronal,short.lag,9,yes,lag VOT,voiced unaspirated,yes
Indo-European,Marathi,NA,PatilRao2016,NA,velar,dorsal,short.lag,36,yes,lag VOT,voiced unaspirated,yes
Indo-European,Marathi,NA,Berkson2012,Berkson2012,retroflex,coronal,short.lag,11,yes,noise offset time,voiceless unaspirated,yes
Indo-European,Marathi,NA,Berkson2012,Berkson2012,dental,coronal,short.lag,10,yes,noise offset time,voiced unaspirated,yes
Indo-European,Marathi,NA,Berkson2012,Berkson2012,bilabial,labial,short.lag,9,yes,noise offset time,voiced unaspirated,yes
Indo-European,Marathi,NA,PatilRao2016,NA,dental,coronal,short.lag,14,yes,lag VOT,voiced unaspirated,yes
Oto-Manguean,Mazatec (Jalapa),NA,ChoLadefoged1999,ChoLadefoged1999,alveolar,coronal,long.lag,63,yes,NA,aspirated,yes
Oto-Manguean,Mazatec (Jalapa),NA,ChoLadefoged1999,ChoLadefoged1999,velar,dorsal,long.lag,80,yes,NA,aspirated,yes
Oto-Manguean,Mazatec (Jalapa),NA,ChoLadefoged1999,ChoLadefoged1999,velar,dorsal,short.lag,23,yes,NA,unaspirated,yes
Oto-Manguean,Mazatec (Jalapa),NA,ChoLadefoged1999,ChoLadefoged1999,alveolar,coronal,short.lag,11,yes,NA,unaspirated,yes
Salishan,Montana Salish,NA,ChoLadefoged1999,ChoLadefoged1999,velar,dorsal,long.lag,48,no,NA,unaspirated,yes
Salishan,Montana Salish,NA,ChoLadefoged1999,ChoLadefoged1999,bilabial,labial,long.lag,22,no,NA,unaspirated,yes
Salishan,Montana Salish,NA,ChoLadefoged1999,ChoLadefoged1999,alveolar,coronal,long.lag,24,no,NA,unaspirated,yes
Salishan,Montana Salish,NA,Gallagher2010,FlemmingEtAl2008,velar,dorsal,long.lag,45,no,NA,unaspirated,yes
Salishan,Montana Salish,NA,ChoLadefoged1999,ChoLadefoged1999,uvular,dorsal,long.lag,55,no,NA,unaspirated,yes
Salishan,Montana Salish,NA,Gallagher2010,FlemmingEtAl2008,bilabial,labial,long.lag,20,no,NA,unaspirated,yes
Salishan,Montana Salish,NA,Gallagher2010,FlemmingEtAl2008,alveolar,coronal,long.lag,25,no,NA,unaspirated,yes
Salishan,Montana Salish,NA,Gallagher2010,FlemmingEtAl2008,uvular,dorsal,long.lag,55,no,NA,unaspirated,yes
Mayan,Mopan Maya,NA,BurnettDeas2009,NA,NA,dorsal,long.lag,50,no,word.initial,voiceless,yes
Mayan,Mopan Maya,NA,BurnettDeas2009,NA,NA,labial,long.lag,73,no,word.initial,voiceless,yes
Mayan,Mopan Maya,NA,BurnettDeas2009,NA,NA,coronal,long.lag,34,no,word.initial,voiceless,yes
Kordofanian,Moro,NA,BennettRose,NA,labial,labial,lead,-78.25,yes,NA,voiced,yes
Kordofanian,Moro,NA,BennettRose,NA,dental,coronal,lead,-81.91,yes,NA,voiced,yes
Kordofanian,Moro,NA,BennettRose,NA,alveolar,coronal,lead,-78.92,yes,NA,voiced,yes
Kordofanian,Moro,NA,BennettRose,NA,velar,dorsal,lead,-81.71,yes,NA,voiced,yes
Kordofanian,Moro,NA,BennettRose,NA,labial,labial,short.lag,20.45,yes,NA,voiceless,yes
Kordofanian,Moro,NA,BennettRose,NA,dental,coronal,short.lag,16.59,yes,NA,voiceless,yes
Kordofanian,Moro,NA,BennettRose,NA,alveolar,coronal,short.lag,18.03,yes,NA,voiceless,yes
Kordofanian,Moro,NA,BennettRose,NA,velar,dorsal,short.lag,39.75,yes,NA,voiceless,yes
Tupian,Munduruku,NA,PicancoEtAl2005,NA,bilabial,labial,lead,-109,yes,NA,voiced,yes
Tupian,Munduruku,NA,PicancoEtAl2005,NA,coronal,coronal,lead,-105,yes,NA,voiced,yes
Tupian,Munduruku,NA,PicancoEtAl2005,NA,bilabial,labial,short.lag,12.6,yes,VC+V,voiceless,yes
Tupian,Munduruku,NA,PicancoEtAl2005,NA,bilabial,labial,short.lag,12.8,yes,VC1+C1V,voiceless,yes
Tupian,Munduruku,NA,PicancoEtAl2005,NA,coronal,coronal,short.lag,13,yes,VN+CV,voiceless,yes
Tupian,Munduruku,NA,PicancoEtAl2005,NA,coronal,coronal,short.lag,17.2,yes,VC+V,voiceless,yes
Tupian,Munduruku,NA,PicancoEtAl2005,NA,coronal,coronal,short.lag,13.2,yes,VC1+C1V,voiceless,yes
Tupian,Munduruku,NA,PicancoEtAl2005,NA,dorsal,dorsal,short.lag,36.9,yes,VN+CV,voiceless,yes
Tupian,Munduruku,NA,PicancoEtAl2005,NA,coronal,coronal,short.lag,17.2,yes,VCV,voiceless,yes
Tupian,Munduruku,NA,PicancoEtAl2005,NA,dorsal,dorsal,short.lag,30.9,yes,VC+V,voiceless,yes
Tupian,Munduruku,NA,PicancoEtAl2005,NA,dorsal,dorsal,short.lag,36.9,yes,VC1+C1V,voiceless,yes
Tupian,Munduruku,NA,PicancoEtAl2005,NA,dorsal,dorsal,short.lag,39.2,yes,VCV,voiceless,yes
Tupian,Munduruku,NA,PicancoEtAl2005,NA,bilabial,labial,short.lag,10.7,yes,VN+CV,voiceless,yes
Tupian,Munduruku,NA,PicancoEtAl2005,NA,bilabial,labial,short.lag,11.8,yes,VCV,voiceless,yes
Afro-Asiatic,Musey,NA,Shyrock1995,NA,bilabial,labial,short.lag,24,yes,NA,unaspirated,yes
Afro-Asiatic,Musey,NA,Shyrock1995,NA,alveolar,coronal,short.lag,22,yes,NA,unaspirated,yes
Afro-Asiatic,Musey,NA,Shyrock1995,NA,velar,dorsal,short.lag,39,yes,NA,unaspirated,yes
Afro-Asiatic,Musey,NA,Shyrock1995,NA,alveolar,coronal,short.lag,15,yes,NA,voiced,yes
Afro-Asiatic,Musey,NA,Shyrock1995,NA,velar,dorsal,short.lag,24,yes,NA,voiced,yes
Afro-Asiatic,Musey,NA,Shyrock1995,NA,bilabial,labial,short.lag,17,yes,NA,voiced,yes
Na-Dene,Navajo,NA,ChoLadefoged1999,ChoLadefoged1999,alveolar,coronal,long.lag,130,yes,NA,aspirated,yes
Na-Dene,Navajo,NA,ChoLadefoged1999,ChoLadefoged1999,velar,dorsal,long.lag,154,yes,NA,aspirated,yes
Na-Dene,Navajo,NA,ChoLadefoged1999,ChoLadefoged1999,alveolar,coronal,short.lag,6,yes,NA,unaspirated,yes
Na-Dene,Navajo,NA,ChoLadefoged1999,ChoLadefoged1999,bilabial,labial,short.lag,12,yes,NA,unaspirated,yes
Na-Dene,Navajo,NA,ChoLadefoged1999,ChoLadefoged1999,velar,dorsal,short.lag,45,yes,NA,unaspirated,yes
Indo-European,Nepali,NA,PoonMateer,PoonMateer,bilabial,labial,long.lag,69.43,yes,NA,voiceless aspirated,yes
Indo-European,Nepali,NA,PoonMateer,PoonMateer,dental,coronal,long.lag,59.31,yes,NA,voiceless aspirated,yes
Indo-European,Nepali,NA,PoonMateer,PoonMateer,velar,dorsal,long.lag,83.56,yes,NA,voiceless aspirated,yes
Indo-European,Nepali,NA,PoonMateer,PoonMateer,bilabial,labial,short.lag,5.99,yes,NA,voiceless unaspirated,yes
Indo-European,Nepali,NA,PoonMateer,PoonMateer,velar,dorsal,short.lag,26.79,yes,NA,voiceless unaspirated,yes
Indo-European,Nepali,NA,PoonMateer,PoonMateer,dental,coronal,short.lag,10.97,yes,NA,voiceless unaspirated,yes
Indo-European,Nepali,NA,PoonMateer,PoonMateer,velar,dorsal,lead,-67.55,yes,NA,voiced unaspirated,yes
Indo-European,Nepali,NA,PoonMateer,PoonMateer,bilabial,labial,lead,-78.51,yes,NA,voiced unaspirated,yes
Indo-European,Nepali,NA,PoonMateer,PoonMateer,dental,coronal,lead,-84.21,yes,NA,voiced unaspirated,yes
Indo-European,Norwegian,Bergen-Trondheim-Eastern (avg),Allen2016,Halvorsen1998,velar,dorsal,long.lag,74,yes,NA,fortis,yes
Indo-European,Norwegian,Bergen-Trondheim-Eastern (avg),Allen2016,Halvorsen1998,labial,labial,long.lag,56,yes,NA,fortis,yes
Indo-European,Norwegian,Bergen-Trondheim-Eastern (avg),Allen2016,Halvorsen1998,alveolar,coronal,long.lag,64,yes,NA,fortis,yes
Indo-European,Norwegian,Bergen-Trondheim-Eastern (avg),Allen2016,Halvorsen1998,labial,labial,short.lag,9,yes,NA,lenis,yes
Indo-European,Norwegian,Bergen-Trondheim-Eastern (avg),Allen2016,Halvorsen1998,alveolar,coronal,short.lag,12,yes,NA,lenis,yes
Indo-European,Norwegian,Bergen-Trondheim-Eastern (avg),Allen2016,Halvorsen1998,velar,dorsal,short.lag,24,yes,NA,lenis,yes
Indo-European,Norwegian,NA,Allen2016,NA,labial,labial,long.lag,56.11,yes,NA,fortis,yes
Indo-European,Norwegian,NA,Allen2016,NA,velar,dorsal,long.lag,70.45,yes,NA,fortis,yes
Indo-European,Norwegian,NA,Dubyne2014,Dubyne2014,NA,coronal,long.lag,82,yes,NA,aspirated,yes
Indo-European,Norwegian,NA,Dubyne2014,Dubyne2014,NA,labial,long.lag,72,yes,NA,aspirated,yes
Indo-European,Norwegian,NA,Allen2016,NA,alveolar,coronal,long.lag,62.28,yes,NA,fortis,yes
Indo-European,Norwegian,NA,Dubyne2014,Dubyne2014,NA,dorsal,long.lag,73,yes,NA,aspirated,yes
Indo-European,Norwegian,NA,Dubyne2014,Dubyne2014,NA,labial,short.lag,16,yes,NA,unaspirated,yes
Indo-European,Norwegian,NA,Allen2016,NA,velar,dorsal,short.lag,27.33,yes,NA,lenis,yes
Indo-European,Norwegian,NA,Dubyne2014,Dubyne2014,NA,dorsal,short.lag,20,yes,NA,unaspirated,yes
Indo-European,Norwegian,NA,Dubyne2014,Dubyne2014,NA,coronal,short.lag,11,yes,NA,unaspirated,yes
Indo-European,Norwegian,NA,Allen2016,NA,alveolar,coronal,short.lag,26.6,yes,NA,lenis,yes
Indo-European,Norwegian,NA,Allen2016,NA,labial,labial,short.lag,13.22,yes,NA,lenis,yes
Algic,Ojibwe,Salteaux,Tallman2011,NA,NA,labial,short.lag,0,yes,S4,voiced,yes
Algic,Ojibwe,Salteaux,Tallman2011,NA,NA,labial,short.lag,6.7,yes,S1,voiced,yes
Algic,Ojibwe,Salteaux,Tallman2011,NA,NA,labial,short.lag,0.95,yes,S2,voiced,yes
Algic,Ojibwe,Salteaux,Tallman2011,NA,NA,labial,short.lag,1,yes,S3,voiced,yes
Algic,Ojibwe,Salteaux,Tallman2011,NA,NA,coronal,short.lag,11.4,yes,S2,voiced,yes
Algic,Ojibwe,Salteaux,Tallman2011,NA,NA,coronal,short.lag,21.9,yes,S3,voiced,yes
Algic,Ojibwe,Salteaux,Tallman2011,NA,NA,coronal,short.lag,21.9,yes,S4,voiced,yes
Algic,Ojibwe,Salteaux,Tallman2011,NA,NA,coronal,short.lag,17.7,yes,S5,voiced,yes
Algic,Ojibwe,Salteaux,Tallman2011,NA,NA,coronal,short.lag,10.3,yes,S6,voiced,yes
Algic,Ojibwe,Salteaux,Tallman2011,NA,NA,dorsal,short.lag,10.5,yes,S1,voiced,yes
Algic,Ojibwe,Salteaux,Tallman2011,NA,NA,dorsal,short.lag,2.6,yes,S2,voiced,yes
Algic,Ojibwe,Salteaux,Tallman2011,NA,NA,dorsal,short.lag,1,yes,S3,voiced,yes
Algic,Ojibwe,Salteaux,Tallman2011,NA,NA,dorsal,short.lag,0.6,yes,S4,voiced,yes
Algic,Ojibwe,Salteaux,Tallman2011,NA,NA,dorsal,short.lag,1.2,yes,S5,voiced,yes
Algic,Ojibwe,Salteaux,Tallman2011,NA,NA,labial,short.lag,1,yes,S5,voiced,yes
Algic,Ojibwe,Salteaux,Tallman2011,NA,NA,labial,short.lag,0.55,yes,S6,voiced,yes
Algic,Ojibwe,Salteaux,Tallman2011,NA,NA,coronal,short.lag,16.9,yes,S1,voiced,yes
Algic,Ojibwe,Salteaux,Tallman2011,NA,NA,dorsal,short.lag,0.75,yes,S6,voiced,yes
Algic,Ojibwe,Salteaux,Tallman2011,NA,NA,labial,short.lag,25.7,yes,S3,voiceless,yes
Algic,Ojibwe,Salteaux,Tallman2011,NA,NA,labial,short.lag,24.3,yes,S4,voiceless,yes
Algic,Ojibwe,Salteaux,Tallman2011,NA,NA,labial,short.lag,5.5,yes,S6,voiceless,yes
Algic,Ojibwe,Salteaux,Tallman2011,NA,NA,coronal,short.lag,18,yes,S1,voiceless,yes
Algic,Ojibwe,Salteaux,Tallman2011,NA,NA,coronal,short.lag,26.3,yes,S2,voiceless,yes
Algic,Ojibwe,Salteaux,Tallman2011,NA,NA,labial,short.lag,8.3,yes,S5,voiceless,yes
Algic,Ojibwe,Salteaux,Tallman2011,NA,NA,coronal,short.lag,24.8,yes,S4,voiceless,yes
Algic,Ojibwe,Salteaux,Tallman2011,NA,NA,coronal,short.lag,20.2,yes,S5,voiceless,yes
Algic,Ojibwe,Salteaux,Tallman2011,NA,NA,coronal,short.lag,13.7,yes,S6,voiceless,yes
Algic,Ojibwe,Salteaux,Tallman2011,NA,NA,coronal,short.lag,30,yes,S3,voiceless,yes
Algic,Ojibwe,Salteaux,Tallman2011,NA,NA,labial,short.lag,12.9,yes,S1,voiceless,yes
Algic,Ojibwe,Salteaux,Tallman2011,NA,NA,labial,short.lag,18.2,yes,S2,voiceless,yes
Algic,Ojibwe,Salteaux,Tallman2011,NA,NA,dorsal,short.lag,38.9,yes,S4,voiceless,yes
Algic,Ojibwe,Salteaux,Tallman2011,NA,NA,dorsal,short.lag,16.2,yes,S5,voiceless,yes
Algic,Ojibwe,Salteaux,Tallman2011,NA,NA,dorsal,short.lag,22.3,yes,S6,voiceless,yes
Algic,Ojibwe,Salteaux,Tallman2011,NA,NA,dorsal,short.lag,28.8,yes,S1,voiceless,yes
Algic,Ojibwe,Salteaux,Tallman2011,NA,NA,dorsal,short.lag,47.4,yes,S2,voiceless,yes
Algic,Ojibwe,Salteaux,Tallman2011,NA,NA,dorsal,short.lag,40.6,yes,S3,voiceless,yes
Indo-European,Pahari,NA,KhanBukhari,KhanBukhari,bilabial,labial,long.lag,66,yes,NA,voiceless aspirated,yes
Indo-European,Pahari,NA,KhanBukhari,KhanBukhari,alveolar,coronal,long.lag,66,yes,NA,voiceless aspirated,yes
Indo-European,Pahari,NA,KhanBukhari,KhanBukhari,dental,coronal,long.lag,53,yes,NA,voiceless aspirated,yes
Indo-European,Pahari,NA,KhanBukhari,KhanBukhari,velar,dorsal,long.lag,77,yes,NA,voiceless aspirated,yes
Indo-European,Pahari,NA,KhanBukhari,KhanBukhari,dental,coronal,short.lag,18,yes,NA,voiceless unaspirated,yes
Indo-European,Pahari,NA,KhanBukhari,KhanBukhari,bilabial,labial,short.lag,19,yes,NA,voiceless unaspirated,yes
Indo-European,Pahari,NA,KhanBukhari,KhanBukhari,alveolar,coronal,short.lag,16,yes,NA,voiceless unaspirated,yes
Indo-European,Pahari,NA,KhanBukhari,KhanBukhari,velar,dorsal,short.lag,27,yes,NA,voiceless unaspirated,yes
Indo-European,Pahari,NA,KhanBukhari,KhanBukhari,dental,coronal,lead,-108,yes,NA,voiced,yes
Indo-European,Pahari,NA,KhanBukhari,KhanBukhari,alveolar,coronal,lead,-95,yes,NA,voiced,yes
Indo-European,Pahari,NA,KhanBukhari,KhanBukhari,bilabial,labial,lead,-94,yes,NA,voiced,yes
Indo-European,Pahari,NA,KhanBukhari,KhanBukhari,velar,dorsal,lead,-109,yes,NA,voiced,yes
Uto-Aztecan,Paiute (Northern),NA,Haynes2010,NA,NA,labial,short.lag,16.25,no,onset,fortis,yes
Uto-Aztecan,Paiute (Northern),NA,Haynes2010,NA,NA,coronal,short.lag,14.4,no,onset,fortis,yes
Uto-Aztecan,Paiute (Northern),NA,Haynes2010,NA,NA,dorsal,short.lag,37.81,no,onset,fortis,yes
Indo-European,Panjabi,NA,HeselwoodMcChrystal,NA,NA,coronal,long.lag,63,yes,acquired in Pakistan,aspirated,yes
Indo-European,Panjabi,NA,HeselwoodMcChrystal,NA,NA,labial,long.lag,75,yes,acquired in Pakistan,aspirated,yes
Indo-European,Panjabi,NA,HeselwoodMcChrystal,NA,NA,dorsal,long.lag,67,yes,"acquired in Bradford UK, age > 22",aspirated,yes
Indo-European,Panjabi,NA,HeselwoodMcChrystal,NA,NA,dorsal,long.lag,68,yes,acquired in Pakistan,aspirated,yes
Indo-European,Panjabi,NA,HeselwoodMcChrystal,NA,NA,labial,long.lag,80,yes,"acquired in Bradford UK, age > 22",aspirated,yes
Indo-European,Panjabi,NA,HeselwoodMcChrystal,NA,NA,coronal,long.lag,67,yes,"acquired in Bradford UK, age > 22",aspirated,yes
Indo-European,Panjabi,NA,HeselwoodMcChrystal,NA,NA,labial,short.lag,27,yes,"acquired in Bradford UK, age > 22",voiceless,yes
Indo-European,Panjabi,NA,HeselwoodMcChrystal,NA,NA,coronal,short.lag,21,yes,"acquired in Bradford UK, age > 22",voiceless,yes
Indo-European,Panjabi,NA,HeselwoodMcChrystal,NA,NA,dorsal,short.lag,35,yes,"acquired in Bradford UK, age > 22",voiceless,yes
Indo-European,Panjabi,NA,HeselwoodMcChrystal,NA,NA,coronal,short.lag,25,yes,acquired in Pakisan,voiceless,yes
Indo-European,Panjabi,NA,HeselwoodMcChrystal,NA,NA,dorsal,short.lag,38,yes,acquired in Pakisan,voiceless,yes
Indo-European,Panjabi,NA,HeselwoodMcChrystal,NA,NA,labial,short.lag,22,yes,acquired in Pakisan,voiceless,yes
Indo-European,Pashto,Khyber Pakhtoonkhaw province,Syed2013,NA,retroflex,coronal,short.lag,13.83,yes,word.initial,unaspirated,yes
Indo-European,Pashto,Khyber Pakhtoonkhaw province,Syed2013,NA,bilabial,labial,short.lag,14.94,yes,word.initial,unaspirated,yes
Indo-European,Pashto,Khyber Pakhtoonkhaw province,Syed2013,NA,dental,coronal,short.lag,28.25,yes,word.initial,unaspirated,yes
Indo-European,Pashto,Khyber Pakhtoonkhaw province,Syed2013,NA,NA,dorsal,short.lag,33.58,yes,word.initial,unaspirated,yes
Indo-European,Persian,NA,Bijankhan2009,NA,palatal,dorsal,lead,-56.3,yes,NA,voiced,yes
Indo-European,Persian,NA,Bijankhan2009,NA,bilabial,labial,lead,-34.2,yes,"*they present both positive and negative values for the voiced stops -- only took the negatives, but I can go back in and change this?",voiced,yes
Indo-European,Persian,NA,Bijankhan2009,NA,coronal,coronal,lead,-42.8,yes,NA,voiced,yes
Indo-European,Persian,NA,Bijankhan2009,NA,uvular,dorsal,lead,-14.7,yes,NA,voiced,yes
Indo-European,Persian,NA,Bijankhan2009,NA,velar,dorsal,lead,-39.6,yes,NA,voiced,yes
Indo-European,Persian,NA,Bijankhan2009,NA,palatal,dorsal,long.lag,97.8,yes,NA,voiceless,yes
Indo-European,Persian,NA,Bijankhan2009,NA,velar,dorsal,long.lag,92.1,yes,NA,voiceless,yes
Indo-European,Persian,NA,Bijankhan2009,NA,coronal,coronal,long.lag,79.5,yes,NA,voiceless,yes
Indo-European,Persian,NA,Zirak,Zirak,NA,dorsal,long.lag,95.12,yes,NA,voiceless,yes
Indo-European,Persian,NA,Zirak,Zirak,NA,labial,long.lag,67.54,yes,NA,voiceless,yes
Indo-European,Persian,NA,Zirak,Zirak,NA,coronal,long.lag,77.29,yes,NA,voiceless,yes
Indo-European,Persian,NA,Bijankhan2009,NA,bilabial,labial,long.lag,68.7,yes,NA,voiceless,yes
Austro-Asiatic,Pnar,NA,Ring2015,Ring2015,NA,dorsal,long.lag,81,yes,speaker1,voiceless aspirated,yes
Austro-Asiatic,Pnar,NA,Ring2015,Ring2015,NA,labial,long.lag,45,yes,speaker2,voiceless aspirated,yes
Austro-Asiatic,Pnar,NA,Ring2015,Ring2015,NA,dorsal,long.lag,66,yes,speaker2,voiceless aspirated,yes
Austro-Asiatic,Pnar,NA,Ring2015,Ring2015,NA,coronal,long.lag,69,yes,speaker1,voiceless aspirated,yes
Austro-Asiatic,Pnar,NA,Ring2015,Ring2015,NA,coronal,long.lag,48,yes,speaker2,voiceless aspirated,yes
Austro-Asiatic,Pnar,NA,Ring2015,Ring2015,NA,labial,long.lag,66,yes,speaker1,voiceless aspirated,yes
Austro-Asiatic,Pnar,NA,Ring2015,Ring2015,NA,labial,short.lag,7,yes,speaker1,voiceless unaspirated,yes
Austro-Asiatic,Pnar,NA,Ring2015,Ring2015,NA,coronal,short.lag,12,yes,speaker2,voiceless unaspirated,yes
Austro-Asiatic,Pnar,NA,Ring2015,Ring2015,NA,coronal,short.lag,5,yes,speaker1,voiceless unaspirated,yes
Austro-Asiatic,Pnar,NA,Ring2015,Ring2015,NA,dorsal,short.lag,13,yes,speaker1,voiceless unaspirated,yes
Austro-Asiatic,Pnar,NA,Ring2015,Ring2015,NA,labial,short.lag,9,yes,speaker2,voiceless unaspirated,yes
Austro-Asiatic,Pnar,NA,Ring2015,Ring2015,NA,dorsal,short.lag,26,yes,speaker2,voiceless unaspirated,yes
Austro-Asiatic,Pnar,NA,Ring2015,Ring2015,NA,coronal,lead,-103,yes,speaker1,voiced,yes
Austro-Asiatic,Pnar,NA,Ring2015,Ring2015,NA,labial,lead,-129,yes,speaker1,voiced,yes
Austro-Asiatic,Pnar,NA,Ring2015,Ring2015,NA,labial,lead,-88,yes,speaker2,voiced,yes
Austro-Asiatic,Pnar,NA,Ring2015,Ring2015,NA,coronal,lead,-69,yes,speaker2,voiced,yes
Indo-European,Polish,NA,Knoll2015,Keating1980,NA,labial,lead,-88.2,yes,NA,voiced,yes
Indo-European,Polish,NA,Knoll2015,Kopczynski1977,NA,labial,lead,-78,yes,NA,voiced,yes
Indo-European,Polish,NA,Knoll2015,Keating1980,NA,dorsal,lead,-66.1,yes,NA,voiced,yes
Indo-European,Polish,NA,Knoll2015,Keating1980,NA,coronal,lead,-89.9,yes,NA,voiced,yes
Indo-European,Polish,NA,Knoll2015,Kopczynski1977,NA,dorsal,lead,-61,yes,NA,voiced,yes
Indo-European,Polish,NA,Knoll2015,Kopczynski1977,NA,coronal,lead,-72,yes,NA,voiced,yes
Indo-European,Polish,NA,Kozminska2015,Keating1981,NA,dorsal,short.lag,53,yes,NA,voiceless,yes
Indo-European,Polish,NA,Knoll2015,Kopczynski1977,NA,labial,short.lag,37.5,yes,NA,voiceless,yes
Indo-European,Polish,NA,SchwartzEtAl2015,NA,NA,coronal,short.lag,23.13,yes,monolingual,voiceless,yes
Indo-European,Polish,NA,Knoll2015,Keating1980,NA,coronal,short.lag,27.9,yes,NA,voiceless,yes
Indo-European,Polish,NA,SchwartzEtAl2015,NA,NA,coronal,short.lag,34.8,yes,bilingual English code switch,voiceless,yes
Indo-European,Polish,NA,Knoll2015,Kopczynski1977,NA,dorsal,short.lag,49,yes,NA,voiceless,yes
Indo-European,Polish,NA,SchwartzEtAl2015,NA,NA,dorsal,short.lag,54.93,yes,bilingual English,voiceless,yes
Indo-European,Polish,NA,Knoll2015,Keating1980,NA,dorsal,short.lag,52.7,yes,NA,voiceless,yes
Indo-European,Polish,NA,Knoll2015,Keating1980,NA,labial,short.lag,21.5,yes,NA,voiceless,yes
Indo-European,Polish,NA,Kozminska2015,Keating1981,NA,labial,short.lag,22,yes,NA,voiceless,yes
Indo-European,Polish,NA,Kozminska2015,Keating1981,NA,coronal,short.lag,28,yes,NA,voiceless,yes
Indo-European,Polish,NA,SchwartzEtAl2015,NA,NA,labial,short.lag,27.63,yes,bilingual English,voiceless,yes
Indo-European,Polish,NA,SchwartzEtAl2015,NA,NA,coronal,short.lag,27.73,yes,bilingual English,voiceless,yes
Indo-European,Polish,NA,SchwartzEtAl2015,NA,NA,labial,short.lag,34.67,yes,bilingual English code switch,voiceless,yes
Indo-European,Polish,NA,Knoll2015,Kopczynski1977,NA,coronal,short.lag,33,yes,NA,voiceless,yes
Indo-European,Polish,NA,SchwartzEtAl2015,NA,NA,labial,short.lag,18.23,yes,monolingual,voiceless,yes
Indo-European,Polish,NA,SchwartzEtAl2015,NA,NA,dorsal,short.lag,1.6,yes,bilingual English code switch,voiceless,yes
Indo-European,Polish,NA,SchwartzEtAl2015,NA,NA,dorsal,short.lag,37.3,yes,monolingual,voiceless,yes
Indo-European,Portuguese (Brazilian),NA,BandeiraEtAl2012,GewehrBorellaEtAl2011,NA,coronal,lead,23.96,yes,NA,unaspirated,yes
Indo-European,Portuguese (Brazilian),NA,BandeiraEtAl2012,Istre1980,NA,dorsal,lead,38,yes,NA,unaspirated,yes
Indo-European,Portuguese (Brazilian),NA,BandeiraEtAl2012,BehlauEtAl1988,NA,dorsal,lead,43.73,yes,NA,unaspirated,yes
Indo-European,Portuguese (Brazilian),NA,MeloEtAl2014,NA,NA,labial,lead,-96.86,yes,NA,voiced,yes
Indo-European,Portuguese (Brazilian),NA,MeloEtAl2014,NA,NA,coronal,lead,-102.5,yes,NA,voiced,yes
Indo-European,Portuguese (Brazilian),NA,MeloEtAl2014,NA,NA,dorsal,lead,-81.4,yes,NA,voiced,yes
Indo-European,Portuguese (Brazilian),NA,BandeiraEtAl2012,GewehrBorellaEtAl2011,NA,dorsal,lead,37,yes,NA,unaspirated,yes
Indo-European,Portuguese (Brazilian),NA,BandeiraEtAl2012,Istre1980,NA,labial,lead,12,yes,NA,unaspirated,yes
Indo-European,Portuguese (Brazilian),NA,BandeiraEtAl2012,BehlauEtAl1988,NA,labial,lead,10.37,yes,NA,unaspirated,yes
Indo-European,Portuguese (Brazilian),NA,BandeiraEtAl2012,GewehrBorellaEtAl2011,NA,labial,lead,16.6,yes,NA,unaspirated,yes
Indo-European,Portuguese (Brazilian),NA,BandeiraEtAl2012,Istre1980,NA,coronal,lead,18,yes,NA,unaspirated,yes
Indo-European,Portuguese (Brazilian),NA,BandeiraEtAl2012,BehlauEtAl1988,NA,coronal,lead,14.85,yes,NA,unaspirated,yes
Indo-European,Portuguese (Brazilian),NA,Melo2011,NA,NA,labial,lead,-101.9,yes,"word.initial, adults",voiced,yes
Indo-European,Portuguese (Brazilian),NA,Melo2011,NA,NA,coronal,lead,-95.6,yes,"word.initial, adults",voiced,yes
Indo-European,Portuguese (Brazilian),NA,Melo2011,NA,NA,dorsal,lead,-80.4,yes,"word.initial, adults",voiced,yes
Indo-European,Portuguese (Brazilian),NA,Melo2011,NA,NA,coronal,lead,19.8,yes,"word.initial, adults",unaspirated,yes
Indo-European,Portuguese (Brazilian),NA,Melo2011,NA,NA,dorsal,lead,45.4,yes,"word.initial, adults",unaspirated,yes
Indo-European,Portuguese (Brazilian),NA,Melo2011,NA,NA,labial,lead,15.7,yes,"word.initial, adults",unaspirated,yes
Indo-European,Portuguese (Brazilian),NA,AlvesZimmer2015,NA,NA,labial,short.lag,33,yes,NA,voiceless,yes
Indo-European,Portuguese (Brazilian),NA,AlvesZimmer2015,NA,NA,labial,short.lag,24.13,yes,NA,voiceless,yes
Indo-European,Portuguese (Brazilian),NA,MeloEtAl2014,NA,NA,dorsal,short.lag,44.67,yes,NA,voiceless,yes
Indo-European,Portuguese (Brazilian),NA,AlvesZimmer2015,NA,NA,dorsal,short.lag,55.71,yes,NA,voiceless,yes
Indo-European,Portuguese (Brazilian),NA,AlvesZimmer2015,NA,NA,dorsal,short.lag,51.7,yes,NA,voiceless,yes
Indo-European,Portuguese (Brazilian),NA,MeloEtAl2014,NA,NA,coronal,short.lag,18.85,yes,NA,voiceless,yes
Indo-European,Portuguese (Brazilian),NA,MeloEtAl2014,NA,NA,labial,short.lag,14.5,yes,NA,voiceless,yes
Indo-European,Portuguese (European),NA,Lousada2010,Lousada2010,NA,labial,lead,28,yes,NA,voiced,yes
Indo-European,Portuguese (European),NA,Lousada2010,Lousada2010,NA,labial,lead,-114,yes,negative,voiced,yes
Indo-European,Portuguese (European),NA,Lousada2010,Lousada2010,NA,coronal,lead,16,yes,NA,voiced,yes
Indo-European,Portuguese (European),NA,Lousada2010,Lousada2010,NA,coronal,lead,-89,yes,negative,voiced,yes
Indo-European,Portuguese (European),NA,Lousada2010,Lousada2010,NA,dorsal,lead,-73,yes,negative,voiced,yes
Indo-European,Portuguese (European),NA,Lousada2010,Lousada2010,NA,dorsal,lead,17,yes,NA,voiced,yes
Indo-European,Portuguese (European),NA,Lousada2010,Lousada2010,NA,dorsal,short.lag,51,yes,positive,voiceless,yes
Indo-European,Portuguese (European),NA,Lousada2010,Lousada2010,NA,labial,short.lag,20,yes,positive,voiceless,yes
Indo-European,Portuguese (European),NA,Lousada2010,Lousada2010,NA,coronal,short.lag,28,yes,positive,voiceless,yes
Quechuan,Quechua (Bolivian),South.Bolivian,Gallagher2010,Gallagher2010,NA,coronal,long.lag,126,yes,NA,aspirated,yes
Quechuan,Quechua (Bolivian),South.Bolivian,Gallagher2010,Gallagher2010,NA,labial,long.lag,115,yes,NA,aspirated,yes
Quechuan,Quechua (Bolivian),South.Bolivian,Gallagher2010,Gallagher2010,NA,dorsal,long.lag,123,yes,NA,aspirated,yes
Quechuan,Quechua (Bolivian),South.Bolivian,Gallagher2010,Gallagher2010,NA,coronal,short.lag,21,yes,NA,plain,yes
Quechuan,Quechua (Bolivian),South.Bolivian,Gallagher2010,Gallagher2010,NA,labial,short.lag,15,yes,NA,plain,yes
Quechuan,Quechua (Bolivian),South.Bolivian,Gallagher2010,Gallagher2010,NA,dorsal,short.lag,34,yes,NA,plain,yes
Quechuan,Quechua (Cuzco),Cuzco,Stewart2015,Pasquale2005,NA,coronal,short.lag,24,yes,NA,voiceless,yes
Quechuan,Quechua (Cuzco),Cuzco,Stewart2015,Pasquale2005,NA,labial,short.lag,19,yes,NA,voiceless,yes
Quechuan,Quechua (Cuzco),Cuzco,Stewart2015,Pasquale2005,NA,dorsal,short.lag,42,yes,NA,voiceless,yes
Quechuan,Quichua,NA,Stewart2015,Stewart2015,NA,dorsal,lead,-89,yes,NA,voiced,yes
Quechuan,Quichua,NA,Stewart2015,Stewart2015,NA,coronal,lead,-97,yes,NA,voiced,yes
Quechuan,Quichua,NA,Stewart2015,Stewart2015,NA,labial,lead,-100,yes,NA,voiced,yes
Quechuan,Quichua,NA,Stewart2015,Stewart2015,NA,coronal,short.lag,23,yes,NA,voiceless,yes
Quechuan,Quichua,NA,Stewart2015,Stewart2015,NA,labial,short.lag,16,yes,NA,voiceless,yes
Quechuan,Quichua,NA,Stewart2015,Stewart2015,NA,dorsal,short.lag,28,yes,NA,voiceless,yes
Austro-Asiatic,Remo,NA,Cheng2011,Cheng2011,NA,coronal,short.lag,25,yes,NA,voiceless,yes
Austro-Asiatic,Remo,NA,Cheng2011,Cheng2011,NA,labial,short.lag,29,yes,NA,voiceless,yes
Austro-Asiatic,Remo,NA,Cheng2011,Cheng2011,NA,dorsal,short.lag,36,yes,NA,voiceless,yes
Indo-European,Russian,St. Petersburg,RingenKulikov2012,NA,velar,dorsal,short.lag,38,yes,word.initial,unaspirated,yes
Indo-European,Russian,St. Petersburg,RingenKulikov2012,NA,bilabial,labial,short.lag,18,yes,word.initial,unaspirated,yes
Indo-European,Russian,St. Petersburg,RingenKulikov2012,NA,dental,coronal,short.lag,20,yes,word.initial,unaspirated,yes
Indo-European,Russian,St. Petersburg,RingenKulikov2012,NA,biliabial,labial,lead,-70,yes,word.initial,voiced,yes
Indo-European,Russian,St. Petersburg,RingenKulikov2012,NA,dental,coronal,lead,-75,yes,word.initial,voiced,yes
Indo-European,Russian,St. Petersburg,RingenKulikov2012,NA,velar,dorsal,lead,-78,yes,word.initial,voiced,yes
Indo-European,Serbian,NA,Sokolovic-Perovic,NA,velar,dorsal,lead,-112.15,yes,NA,voiced,yes
Indo-European,Serbian,NA,Sokolovic-Perovic,NA,dental,coronal,lead,-118.12,yes,NA,voiced,yes
Indo-European,Serbian,NA,Sokolovic-Perovic,NA,bilabial,labial,lead,-117.42,yes,NA,voiced,yes
Indo-European,Serbian,NA,Cubrovic,Cubrovic,NA,labial,short.lag,25,yes,NA,voiceless,yes
Indo-European,Serbian,NA,Sokolovic-Perovic,NA,velar,dorsal,short.lag,51.73,yes,NA,voiceless,yes
Indo-European,Serbian,NA,Sokolovic-Perovic,NA,bilabial,labial,short.lag,21.67,yes,NA,voiceless,yes
Indo-European,Serbian,NA,Sokolovic-Perovic,NA,dental,coronal,short.lag,26.5,yes,NA,voiceless,yes
Indo-European,Serbian,NA,Cubrovic,Cubrovic,NA,coronal,short.lag,22,yes,NA,voiceless,yes
Indo-European,Serbian,NA,Cubrovic,Cubrovic,NA,dorsal,short.lag,56,yes,NA,voiceless,yes
Niger-Congo,Shekgalagari,NA,Monaka2005,Monaka2005,NA,labial,long.lag,64.5,yes,NA,aspirated,yes
Niger-Congo,Shekgalagari,NA,Monaka2005,Monaka2005,NA,dorsal,long.lag,81.3,yes,NA,aspirated,yes
Niger-Congo,Shekgalagari,NA,Monaka2005,Monaka2005,NA,coronal,long.lag,63.7,yes,NA,aspirated,yes
Niger-Congo,Shekgalagari,NA,Monaka2005,Monaka2005,NA,labial,short.lag,14.1,yes,NA,unaspirated,yes
Niger-Congo,Shekgalagari,NA,Monaka2005,Monaka2005,NA,coronal,short.lag,12.6,yes,NA,unaspirated,yes
Niger-Congo,Shekgalagari,NA,Monaka2005,Monaka2005,NA,dorsal,short.lag,31.8,yes,NA,unaspirated,yes
Niger-Congo,Shekgalagari,NA,Monaka2005,Monaka2005,NA,labial,lead,-88.5,yes,NA,voiced,yes
Niger-Congo,Shekgalagari,NA,Monaka2005,Monaka2005,NA,dorsal,lead,-83.6,yes,NA,voiced,yes
Niger-Congo,Shekgalagari,NA,Monaka2005,Monaka2005,NA,coronal,lead,-80.7,yes,NA,voiced,yes
Uto-Aztecan,Shoshoni,NA,Garvin2015,NA,alveolar,coronal,short.lag,17.55,no,NA,voiceless unaspirated,yes
Uto-Aztecan,Shoshoni,NA,Garvin2015,NA,bilabial,labial,short.lag,20.47,no,NA,voiceless unaspirated,yes
Uto-Aztecan,Shoshoni,NA,Garvin2015,NA,velar,dorsal,short.lag,51.93,no,NA,voiceless unaspirated,yes
Indo-European,Sindhi,NA,Keerio2010,NA,retroflex,coronal,long.lag,70.5,yes,NA,voiceless aspirated,yes
Indo-European,Sindhi,NA,Keerio2010,NA,bilabial,labial,long.lag,22.3,yes,NA,voiceless aspirated,yes
Indo-European,Sindhi,NA,Keerio2010,NA,dental,coronal,long.lag,58.7,yes,NA,voiceless aspirated,yes
Indo-European,Sindhi,NA,Keerio2010,NA,velar,dorsal,long.lag,63,yes,NA,voiceless aspirated,yes
Indo-European,Sindhi,NA,Keerio2010,NA,retroflex,coronal,long.lag,14.5,yes,NA,voiceless unaspirated,yes
Indo-European,Sindhi,NA,Keerio2010,NA,velar,dorsal,long.lag,82,yes,NA,voiceless unaspirated,yes
Indo-European,Sindhi,NA,Keerio2010,NA,bilabial,labial,long.lag,18,yes,"**defined VOT as the interval of the release segment, so these numbers were next to release"" on the chart; not sure this is right",voiceless unaspirated,yes
Indo-European,Sindhi,NA,Keerio2010,NA,dental,coronal,long.lag,25.7,yes,NA,voiceless unaspirated,yes
Indo-European,Sindhi,NA,Keerio2010,NA,retroflex,coronal,short.lag,14.7,yes,NA,voiced unaspirated,yes
Indo-European,Sindhi,NA,Keerio2010,NA,bilabial,labial,short.lag,14.5,yes,NA,voiced unaspirated,yes
Indo-European,Sindhi,NA,Keerio2010,NA,dental,coronal,short.lag,19,yes,NA,voiced unaspirated,yes
Indo-European,Sindhi,NA,Keerio2010,NA,velar,dorsal,short.lag,22,yes,NA,voiced unaspirated,yes
Indo-European,Spanish,Argentina,Sleeper2016,NA,NA,labial,short.lag,10,yes,NA,voiceless,yes
Indo-European,Spanish,Argentina,Sleeper2016,NA,NA,coronal,short.lag,15,yes,NA,voiceless,yes
Indo-European,Spanish,Argentina,Sleeper2016,NA,NA,dorsal,short.lag,25,yes,NA,voiceless,yes
Indo-European,Spanish,Castilian,RosnerEtAl2000,RosnerEtAl2000,NA,labial,lead,-91.5,yes,NA,voiced,yes
Indo-European,Spanish,Castilian,RosnerEtAl2000,RosnerEtAl2000,NA,dorsal,lead,-73.7,yes,NA,voiced,yes
Indo-European,Spanish,Castilian,RosnerEtAl2000,RosnerEtAl2000,NA,coronal,lead,-91.6,yes,NA,voiced,yes
Indo-European,Spanish,Castilian,RosnerEtAl2000,RosnerEtAl2000,NA,labial,short.lag,13.1,yes,NA,unaspirated,yes
Indo-European,Spanish,Castilian,RosnerEtAl2000,RosnerEtAl2000,NA,coronal,short.lag,14,yes,NA,unaspirated,yes
Indo-European,Spanish,Castilian,RosnerEtAl2000,RosnerEtAl2000,NA,dorsal,short.lag,26.5,yes,NA,unaspirated,yes
Indo-European,Spanish,Guatamalan,RosnerEtAl2000,Williams1977,NA,coronal,lead,-108.8,yes,NA,voiced,yes
Indo-European,Spanish,Guatamalan,RosnerEtAl2000,Williams1977,NA,labial,lead,-120.3,yes,NA,voiced,yes
Indo-European,Spanish,Guatamalan,RosnerEtAl2000,Williams1977,NA,dorsal,lead,-101.4,yes,NA,voiced,yes
Indo-European,Spanish,Guatamalan,RosnerEtAl2000,Williams1977,NA,coronal,short.lag,10.3,yes,NA,unaspirated,yes
Indo-European,Spanish,Guatamalan,RosnerEtAl2000,Williams1977,NA,labial,short.lag,9.8,yes,NA,unaspirated,yes
Indo-European,Spanish,Guatamalan,RosnerEtAl2000,Williams1977,NA,dorsal,short.lag,25.7,yes,NA,unaspirated,yes
Indo-European,Spanish,NA,MayrMontanari2015,FlegeEfting1987,NA,dorsal,lead,-68,yes,NA,voiced,yes
Indo-European,Spanish,NA,MayrMontanari2015,FlegeEfting1987,NA,coronal,lead,-80,yes,NA,voiced,yes
Indo-European,Spanish,NA,MayrMontanari2015,FlegeEfting1987,NA,labial,lead,-82,yes,NA,voiced,yes
Indo-European,Spanish,NA,Banov2014,CastanedaVicente1986,NA,coronal,short.lag,10.4,yes,NA,voiceless,yes
Indo-European,Spanish,NA,Banov2014,CastanedaVicente1986,NA,labial,short.lag,6.5,yes,NA,voiceless,yes
Indo-European,Spanish,NA,MayrMontanari2015,FlegeEfting1987,NA,coronal,short.lag,22,yes,NA,voiceless,yes
Indo-European,Spanish,NA,RaphaelEtAl1995,RaphaelEtAl1983,NA,coronal,short.lag,27.6,yes,NA,voiceless,yes
Indo-European,Spanish,NA,MayrMontanari2015,FlegeEfting1987,NA,dorsal,short.lag,39,yes,NA,voiceless,yes
Indo-European,Spanish,NA,Simental2014,Morgan2011,NA,labial,short.lag,19.5,yes,Monolingual,voiceless,yes
Indo-European,Spanish,NA,Pahis2017,NA,NA,labial,short.lag,29.193,yes,straight male,voiceless,yes
Indo-European,Spanish,NA,Pahis2017,NA,NA,coronal,short.lag,26.972,yes,straight male,voiceless,yes
Indo-European,Spanish,NA,Pahis2017,NA,NA,dorsal,short.lag,48.145,yes,straight male,voiceless,yes
Indo-European,Spanish,NA,Pahis2017,NA,NA,labial,short.lag,18.468,yes,gay male,voiceless,yes
Indo-European,Spanish,NA,Pahis2017,NA,NA,coronal,short.lag,27.936,yes,gay male,voiceless,yes
Indo-European,Spanish,NA,Pahis2017,NA,NA,dorsal,short.lag,37.835,yes,gay male,voiceless,yes
Indo-European,Spanish,NA,Banov2014,CastanedaVicente1986,NA,dorsal,short.lag,25.7,yes,NA,voiceless,yes
Indo-European,Spanish,NA,MayrMontanari2015,FlegeEfting1987,NA,labial,short.lag,18,yes,NA,voiceless,yes
Indo-European,Spanish,NA,Pahis2017,NA,NA,coronal,short.lag,15.593,yes,straight female,voiceless,yes
Indo-European,Spanish,NA,RaphaelEtAl1995,RaphaelEtAl1983,NA,labial,short.lag,20.2,yes,NA,voiceless,yes
Indo-European,Spanish,NA,Simental2014,Morgan2011,NA,dorsal,short.lag,29.3,yes,Monolingual,voiceless,yes
Indo-European,Spanish,NA,RaphaelEtAl1995,RaphaelEtAl1983,NA,dorsal,short.lag,39.3,yes,NA,voiceless,yes
Indo-European,Spanish,NA,Simental2014,Morgan2011,NA,coronal,short.lag,18.9,yes,NA,voiceless,yes
Indo-European,Spanish,NA,Simental2014,Morgan2011,NA,coronal,short.lag,18.9,yes,Monolingual,voiceless,yes
Indo-European,Spanish,NA,Simental2014,NA,NA,labial,short.lag,23,yes,NA,voiceless,yes
Indo-European,Spanish,NA,Simental2014,Morgan2011,NA,labial,short.lag,19.5,yes,NA,voiceless,yes
Indo-European,Spanish,NA,Simental2014,NA,NA,dorsal,short.lag,26.7,yes,NA,voiceless,yes
Indo-European,Spanish,NA,Simental2014,Morgan2011,NA,dorsal,short.lag,29.3,yes,NA,voiceless,yes
Indo-European,Spanish,NA,Pahis2017,NA,NA,dorsal,short.lag,29.676,yes,straight female,voiceless,yes
Indo-European,Spanish,NA,Simental2014,NA,NA,coronal,short.lag,24.6,yes,NA,voiceless,yes
Indo-European,Spanish,NA,Pahis2017,NA,NA,labial,short.lag,17.259,yes,straight female,voiceless,yes
Indo-European,Spanish,Peruvian,RosnerEtAl2000,Williams1977,NA,labial,lead,-101.7,yes,NA,voiced,yes
Indo-European,Spanish,Peruvian,RosnerEtAl2000,Williams1977,NA,coronal,lead,-110.2,yes,NA,voiced,yes
Indo-European,Spanish,Peruvian,RosnerEtAl2000,Williams1977,NA,dorsal,lead,-98.4,yes,NA,voiced,yes
Indo-European,Spanish,Peruvian,RosnerEtAl2000,Williams1977,NA,labial,short.lag,15.2,yes,NA,unaspirated,yes
Indo-European,Spanish,Peruvian,RosnerEtAl2000,Williams1977,NA,dorsal,short.lag,29.7,yes,NA,unaspirated,yes
Indo-European,Spanish,Peruvian,RosnerEtAl2000,Williams1977,NA,coronal,short.lag,16.2,yes,NA,unaspirated,yes
Indo-European,Spanish,Puerto.Rico,Stewart2015,LiskerAbramson1964,dental,coronal,lead,-110,yes,NA,voiced,yes
Indo-European,Spanish,Puerto.Rico,Stewart2015,LiskerAbramson1964,velar,dorsal,lead,-108,yes,NA,voiced,yes
Indo-European,Spanish,Puerto.Rico,Stewart2015,LiskerAbramson1964,labial,labial,lead,-138,yes,NA,voiced,yes
Indo-European,Spanish,Puerto.Rico,Stewart2015,LiskerAbramson1964,velar,dorsal,short.lag,29,yes,NA,unaspirated,yes
Indo-European,Spanish,Puerto.Rico,Stewart2015,LiskerAbramson1964,dental,coronal,short.lag,9,yes,NA,unaspirated,yes
Indo-European,Spanish,Puerto.Rico,Stewart2015,LiskerAbramson1964,labial,labial,short.lag,4,yes,NA,unaspirated,yes
Indo-European,Spanish,Rural,Stewart2015,Stewart2015,NA,labial,lead,-89,yes,NA,voiced,yes
Indo-European,Spanish,Rural,Stewart2015,Stewart2015,NA,dorsal,lead,-86,yes,NA,voiced,yes
Indo-European,Spanish,Rural,Stewart2015,Stewart2015,NA,coronal,lead,-83,yes,NA,voiced,yes
Indo-European,Spanish,Rural,Stewart2015,Stewart2015,NA,labial,short.lag,17,yes,NA,voiceless,yes
Indo-European,Spanish,Rural,Stewart2015,Stewart2015,NA,coronal,short.lag,22,yes,NA,voiceless,yes
Indo-European,Spanish,Rural,Stewart2015,Stewart2015,NA,dorsal,short.lag,38,yes,NA,voiceless,yes
Indo-European,Spanish,Urban,Stewart2015,Stewart2015,NA,coronal,lead,-64,yes,NA,voiced,yes
Indo-European,Spanish,Urban,Stewart2015,Stewart2015,NA,labial,lead,-70,yes,NA,voiced,yes
Indo-European,Spanish,Urban,Stewart2015,Stewart2015,NA,dorsal,lead,-59,yes,NA,voiced,yes
Indo-European,Spanish,Urban,Stewart2015,Stewart2015,NA,labial,short.lag,16,yes,NA,voiceless,yes
Indo-European,Spanish,Urban,Stewart2015,Stewart2015,NA,dorsal,short.lag,33,yes,NA,voiceless,yes
Indo-European,Spanish,Urban,Stewart2015,Stewart2015,NA,coronal,short.lag,21,yes,NA,voiceless,yes
Indo-European,Spanish,Venezuelen,RosnerEtAl2000,Williams1977,NA,labial,lead,-95.2,yes,NA,voiced,yes
Indo-European,Spanish,Venezuelen,RosnerEtAl2000,Williams1977,NA,coronal,lead,-78.5,yes,NA,voiced,yes
Indo-European,Spanish,Venezuelen,RosnerEtAl2000,Williams1977,NA,dorsal,lead,-63.9,yes,NA,voiced,yes
Indo-European,Spanish,Venezuelen,RosnerEtAl2000,Williams1977,NA,labial,short.lag,14,yes,NA,unaspirated,yes
Indo-European,Spanish,Venezuelen,RosnerEtAl2000,Williams1977,NA,coronal,short.lag,20.6,yes,NA,unaspirated,yes
Indo-European,Spanish,Venezuelen,RosnerEtAl2000,Williams1977,NA,dorsal,short.lag,32.6,yes,NA,unaspirated,yes
Indo-European,Spanish,Yucatan,MichnowiczCarpenter2013,NA,NA,labial,short.lag,17.2,yes,NA,voiceless,yes
Indo-European,Spanish,Yucatan,MichnowiczCarpenter2013,NA,NA,coronal,short.lag,22,yes,NA,voiceless,yes
Indo-European,Spanish,Yucatan,MichnowiczCarpenter2013,NA,NA,dorsal,short.lag,34,yes,NA,voiceless,yes
Sino-Tibetan,Stau,NA,Vanderveen,Vanderveen,palatal,dorsal,lead,-126.3,yes,word-initial in sentential context (averaged from paper),voiced,yes
Sino-Tibetan,Stau,NA,Vanderveen,Vanderveen,bilabial,labial,lead,-122.5,yes,word-initial in sentential context (averaged from paper),voiced,yes
Sino-Tibetan,Stau,NA,Vanderveen,Vanderveen,alveolar,coronal,lead,-116.7,yes,word-initial in sentential context (averaged from paper),voiced,yes
Niger-Congo,Swati,NA,KokaertGodwin1997,KokaertGodwin1997,NA,labial,long.lag,97.17,yes,NA,aspirated,yes
Niger-Congo,Swati,NA,KokaertGodwin1997,KokaertGodwin1997,NA,coronal,long.lag,90.9,yes,NA,aspirated,yes
Niger-Congo,Swati,NA,KokaertGodwin1997,KokaertGodwin1997,NA,dorsal,long.lag,106.5,yes,NA,aspirated,yes
Niger-Congo,Swati,NA,KokaertGodwin1997,KokaertGodwin1997,NA,labial,short.lag,18.58,yes,NA,unaspirated,yes
Niger-Congo,Swati,NA,KokaertGodwin1997,KokaertGodwin1997,NA,dorsal,short.lag,24.67,yes,NA,unaspirated,yes
Niger-Congo,Swati,NA,KokaertGodwin1997,KokaertGodwin1997,NA,coronal,short.lag,19.25,yes,NA,unaspirated,yes
Indo-European,Swedish,Arjeplog,StoltenEngstrand,StoltenEngstrand,NA,labial,long.lag,44,yes,younger.men,voiceless,yes
Indo-European,Swedish,Arjeplog,StoltenEngstrand,StoltenEngstrand,NA,labial,long.lag,40,yes,older.men,voiceless,yes
Indo-European,Swedish,Arjeplog,StoltenEngstrand,StoltenEngstrand,NA,labial,long.lag,46,yes,older.women,voiceless,yes
Indo-European,Swedish,Arjeplog,StoltenEngstrand,StoltenEngstrand,NA,dorsal,long.lag,63,yes,younger.women,voiceless,yes
Indo-European,Swedish,Arjeplog,StoltenEngstrand,StoltenEngstrand,NA,coronal,long.lag,54,yes,younger.women,voiceless,yes
Indo-European,Swedish,Arjeplog,StoltenEngstrand,StoltenEngstrand,NA,coronal,long.lag,60,yes,older.men,voiceless,yes
Indo-European,Swedish,Arjeplog,StoltenEngstrand,StoltenEngstrand,NA,coronal,long.lag,46,yes,older.women,voiceless,yes
Indo-European,Swedish,Arjeplog,StoltenEngstrand,StoltenEngstrand,NA,coronal,long.lag,51,yes,younger.men,voiceless,yes
Indo-European,Swedish,Arjeplog,StoltenEngstrand,StoltenEngstrand,NA,dorsal,long.lag,63,yes,younger.men,voiceless,yes
Indo-European,Swedish,Arjeplog,StoltenEngstrand,StoltenEngstrand,NA,labial,long.lag,54,yes,younger.women,voiceless,yes
Indo-European,Swedish,Arjeplog,StoltenEngstrand,StoltenEngstrand,NA,dorsal,long.lag,57,yes,older.men,voiceless,yes
Indo-European,Swedish,Arjeplog,StoltenEngstrand,StoltenEngstrand,NA,dorsal,long.lag,64,yes,older.women,voiceless,yes
Indo-European,Swedish,Arjeplog,StoltenEngstrand,StoltenEngstrand,NA,labial,short.lag,27,yes,younger.women,voiced,yes
Indo-European,Swedish,Arjeplog,StoltenEngstrand,StoltenEngstrand,NA,coronal,short.lag,22,yes,older.men,voiced,yes
Indo-European,Swedish,Arjeplog,StoltenEngstrand,StoltenEngstrand,NA,coronal,short.lag,15,yes,older.women,voiced,yes
Indo-European,Swedish,Arjeplog,StoltenEngstrand,StoltenEngstrand,NA,coronal,short.lag,-17,yes,younger.men,voiced,yes
Indo-European,Swedish,Arjeplog,StoltenEngstrand,StoltenEngstrand,NA,coronal,short.lag,43,yes,younger.women,voiced,yes
Indo-European,Swedish,Arjeplog,StoltenEngstrand,StoltenEngstrand,NA,dorsal,short.lag,6,yes,older.men,voiced,yes
Indo-European,Swedish,Arjeplog,StoltenEngstrand,StoltenEngstrand,NA,dorsal,short.lag,36,yes,older.women,voiced,yes
Indo-European,Swedish,Arjeplog,StoltenEngstrand,StoltenEngstrand,NA,dorsal,short.lag,34,yes,younger.men,voiced,yes
Indo-European,Swedish,Arjeplog,StoltenEngstrand,StoltenEngstrand,NA,dorsal,short.lag,43,yes,younger.women,voiced,yes
Indo-European,Swedish,Arjeplog,StoltenEngstrand,StoltenEngstrand,NA,labial,short.lag,-30,yes,younger.men,voiced,yes
Indo-European,Swedish,Arjeplog,StoltenEngstrand,StoltenEngstrand,NA,labial,short.lag,15,yes,older.men,voiced,yes
Indo-European,Swedish,Arjeplog,StoltenEngstrand,StoltenEngstrand,NA,labial,short.lag,36,yes,older.women,voiced,yes
Indo-European,Swedish,NA,Ekelund,HelgasonRingen2008,NA,dorsal,long.lag,78,yes,NA,voiceless,yes
Indo-European,Swedish,NA,HelgasonRingen2008,NA,bilabial,labial,long.lag,49,yes,NA,fortis,yes
Indo-European,Swedish,NA,HelgasonRingen2008,NA,dental,coronal,long.lag,65,yes,NA,fortis,yes
Indo-European,Swedish,NA,HelgasonRingen2008,NA,velar,dorsal,long.lag,78,yes,NA,fortis,yes
Indo-European,Swedish,NA,HammarstromEtAl2012,NA,NA,dorsal,long.lag,70.06,yes,adult,voiceless,yes
Indo-European,Swedish,NA,Ekelund,HelgasonRingen2008,NA,labial,long.lag,49,yes,NA,voiceless,yes
Indo-European,Swedish,NA,Ekelund,HelgasonRingen2008,NA,coronal,long.lag,65,yes,NA,voiceless,yes
Indo-European,Swedish,NA,Lundeborgetal2012,NA,NA,labial,long.lag,46.29,yes,adult,voiceless,yes
Indo-European,Swedish,NA,HammarstromEtAl2012,NA,NA,coronal,long.lag,53.82,yes,adult,voiceless,yes
Indo-European,Swedish,NA,Lundeborgetal2012,NA,NA,coronal,long.lag,53.82,yes,adult,voiceless,yes
Indo-European,Swedish,NA,Lundeborgetal2012,NA,NA,dorsal,long.lag,70.06,yes,adult,voiceless,yes
Indo-European,Swedish,NA,HammarstromEtAl2012,NA,NA,labial,long.lag,46.29,yes,adult,voiceless,yes
Indo-European,Swedish,NA,BeckmanEtAl2011,BeckmanEtAl2011,NA,coronal,lead,-86.3,yes,NA,lenis,yes
Indo-European,Swedish,NA,BeckmanEtAl2011,BeckmanEtAl2011,NA,labial,lead,-111.7,yes,NA,lenis,yes
Indo-European,Swedish,NA,Lundeborgetal2015,Lundeborgetal2012,NA,coronal,lead,-45.4,yes,adult,voiced,yes
Indo-European,Swedish,NA,BeckmanEtAl2011,BeckmanEtAl2011,NA,dorsal,lead,-81.3,yes,NA,lenis,yes
Indo-European,Swedish,NA,HelgasonRingen2008,NA,dental,coronal,lead,-90,yes,NA,lenis,yes
Indo-European,Swedish,NA,HelgasonRingen2008,NA,velar,dorsal,lead,-61,yes,NA,lenis,yes
Indo-European,Swedish,NA,HammarstromEtAl2012,NA,NA,dorsal,lead,-35.23,yes,"adult, averaged over positive and negative VOT",voiced,yes
Indo-European,Swedish,NA,Lundeborgetal2015,Lundeborgetal2012,NA,dorsal,lead,-35.2,yes,adult,voiced,yes
Indo-European,Swedish,NA,HelgasonRingen2008,NA,bilabial,labial,lead,-96,yes,NA,lenis,yes
Indo-European,Swedish,NA,HammarstromEtAl2012,NA,NA,coronal,lead,-45.37,yes,"adult, averaged over positive and negative VOT",voiced,yes
Indo-European,Swedish,NA,Lundeborgetal2015,Lundeborgetal2012,NA,labial,lead,-69.4,yes,adult,voiced,yes
Indo-European,Swedish,NA,HammarstromEtAl2012,NA,NA,labial,lead,-69.43,yes,"adult, averaged over positive and negative VOT",voiced,yes
Tai-Kadai,Tai Khamti,NA,Inglis2013,Inglis2013,NA,coronal,long.lag,55,yes,NA,aspirated,yes
Tai-Kadai,Tai Khamti,NA,Inglis2013,Inglis2013,NA,labial,long.lag,59,yes,NA,aspirated,yes
Tai-Kadai,Tai Khamti,NA,Inglis2013,Inglis2013,NA,dorsal,long.lag,80,yes,NA,aspirated,yes
Tai-Kadai,Tai Khamti,NA,Inglis2013,Inglis2013,NA,labial,short.lag,18,yes,NA,unaspirated,yes
Tai-Kadai,Tai Khamti,NA,Inglis2013,Inglis2013,NA,coronal,short.lag,15,yes,NA,unaspirated,yes
Tai-Kadai,Tai Khamti,NA,Inglis2013,Inglis2013,NA,dorsal,short.lag,26,yes,NA,unaspirated,yes
Dravidian,Tamil,NA,LiskerAbramson1964,LiskerAbramson1964,dental,coronal,lead,-78,yes,NA,lax,yes
Dravidian,Tamil,NA,LiskerAbramson1964,LiskerAbramson1964,velar,dorsal,lead,-62,yes,NA,lax,yes
Dravidian,Tamil,NA,LiskerAbramson1964,LiskerAbramson1964,labial,labial,lead,-74,yes,NA,lax,yes
Dravidian,Tamil,Singaporean,Ng2005,NA,alveolar,coronal,short.lag,4,yes,NA,unaspirated,yes
Dravidian,Tamil,Singaporean,Ng2005,NA,bilabial,labial,short.lag,9.67,yes,NA,unaspirated,yes
Dravidian,Tamil,Singaporean,Ng2005,NA,velar,dorsal,short.lag,43.37,yes,NA,unaspirated,yes
Dravidian,Tamil,Singaporean,Ng2005,NA,alveolar,coronal,short.lag,10.3,yes,NA,voiced,yes
Dravidian,Tamil,Singaporean,Ng2005,NA,velar,dorsal,short.lag,20.24,yes,NA,voiced,yes
Dravidian,Tamil,Singaporean,Ng2005,NA,bilabial,labial,short.lag,10.24,yes,NA,voiced,yes
Dravidian,Telugu,NA,ReddyEtAl2014,NA,NA,labial,lead,-117.68,yes,female,voiced,yes
Dravidian,Telugu,NA,ReddyEtAl2014,NA,NA,labial,lead,-131.21,yes,male,voiced,yes
Dravidian,Telugu,NA,ReddyEtAl2014,NA,dental,coronal,lead,-114.56,yes,male,voiced,yes
Dravidian,Telugu,NA,ReddyEtAl2014,NA,NA,dorsal,lead,-110.56,yes,male,voiced,yes
Dravidian,Telugu,NA,ReddyEtAlGenderVowel2014,ReddyEtAlGenderVowel2014,NA,dorsal,lead,-114.31,yes,female._/u/,voiced,yes
Dravidian,Telugu,NA,ReddyEtAl2014,NA,dental,coronal,lead,-110.57,yes,female,voiced,yes
Dravidian,Telugu,NA,ReddyEtAl2014,NA,NA,dorsal,lead,-103.95,yes,female,voiced,yes
Dravidian,Telugu,NA,ReddyEtAlGenderVowel2014,ReddyEtAlGenderVowel2014,NA,dorsal,lead,-107.01,yes,female._/i/,voiced,yes
Dravidian,Telugu,NA,ReddyEtAlGenderVowel2014,ReddyEtAlGenderVowel2014,NA,labial,lead,-143.4,yes,male._/i/,voiced,yes
Dravidian,Telugu,NA,ReddyEtAlGenderVowel2014,ReddyEtAlGenderVowel2014,NA,dorsal,lead,-101.51,yes,male._/a/,voiced,yes
Dravidian,Telugu,NA,ReddyEtAlGenderVowel2014,ReddyEtAlGenderVowel2014,NA,coronal,lead,-101.81,yes,male._/a/,voiced,yes
Dravidian,Telugu,NA,ReddyEtAlGenderVowel2014,ReddyEtAlGenderVowel2014,NA,labial,lead,-126.33,yes,male._/a/,voiced,yes
Dravidian,Telugu,NA,ReddyEtAlGenderVowel2014,ReddyEtAlGenderVowel2014,NA,labial,lead,-117.16,yes,female._/u/,voiced,yes
Dravidian,Telugu,NA,ReddyEtAlGenderVowel2014,ReddyEtAlGenderVowel2014,NA,labial,lead,-123.91,yes,male._/u/,voiced,yes
Dravidian,Telugu,NA,ReddyEtAlGenderVowel2014,ReddyEtAlGenderVowel2014,NA,labial,lead,-113.18,yes,female._/a/,voiced,yes
Dravidian,Telugu,NA,ReddyEtAlGenderVowel2014,ReddyEtAlGenderVowel2014,NA,labial,lead,-122.7,yes,female._/i/,voiced,yes
Dravidian,Telugu,NA,ReddyEtAlGenderVowel2014,ReddyEtAlGenderVowel2014,NA,coronal,lead,-134.76,yes,male._/i/,voiced,yes
Dravidian,Telugu,NA,ReddyEtAlGenderVowel2014,ReddyEtAlGenderVowel2014,NA,coronal,lead,-107.13,yes,male._/u/,voiced,yes
Dravidian,Telugu,NA,ReddyEtAlGenderVowel2014,ReddyEtAlGenderVowel2014,NA,coronal,lead,-104.4,yes,female._/a/,voiced,yes
Dravidian,Telugu,NA,ReddyEtAlGenderVowel2014,ReddyEtAlGenderVowel2014,NA,dorsal,lead,-113.71,yes,male._/i/,voiced,yes
Dravidian,Telugu,NA,ReddyEtAlGenderVowel2014,ReddyEtAlGenderVowel2014,NA,coronal,lead,-116.71,yes,female._/i/,voiced,yes
Dravidian,Telugu,NA,ReddyEtAlGenderVowel2014,ReddyEtAlGenderVowel2014,NA,coronal,lead,-110.61,yes,female._/u/,voiced,yes
Dravidian,Telugu,NA,ReddyEtAlGenderVowel2014,ReddyEtAlGenderVowel2014,NA,dorsal,lead,-90.55,yes,female._/a/,voiced,yes
Dravidian,Telugu,NA,ReddyEtAlGenderVowel2014,ReddyEtAlGenderVowel2014,NA,dorsal,lead,-116.3,yes,male._/u/,voiced,yes
Dravidian,Telugu,NA,ReddyEtAlGenderVowel2014,ReddyEtAlGenderVowel2014,NA,labial,short.lag,26.8,yes,male._/u/,voiceless,yes
Dravidian,Telugu,NA,ReddyEtAl2014,NA,NA,dorsal,short.lag,47.76,yes,female,voiceless,yes
Dravidian,Telugu,NA,ReddyEtAlGenderVowel2014,ReddyEtAlGenderVowel2014,NA,labial,short.lag,19.63,yes,male._/i/,voiceless,yes
Dravidian,Telugu,NA,ReddyEtAlGenderVowel2014,ReddyEtAlGenderVowel2014,NA,coronal,short.lag,30.56,yes,male._/u/,voiceless,yes
Dravidian,Telugu,NA,ReddyEtAlGenderVowel2014,ReddyEtAlGenderVowel2014,NA,labial,short.lag,17.23,yes,female._/a/,voiceless,yes
Dravidian,Telugu,NA,ReddyEtAlGenderVowel2014,ReddyEtAlGenderVowel2014,NA,labial,short.lag,18.58,yes,male._/a/,voiceless,yes
Dravidian,Telugu,NA,ReddyEtAlGenderVowel2014,ReddyEtAlGenderVowel2014,NA,coronal,short.lag,34.68,yes,male._/i/,voiceless,yes
Dravidian,Telugu,NA,ReddyEtAl2014,NA,NA,dorsal,short.lag,55.09,yes,male,voiceless,yes
Dravidian,Telugu,NA,ReddyEtAlGenderVowel2014,ReddyEtAlGenderVowel2014,NA,coronal,short.lag,18.7,yes,female._/a/,voiceless,yes
Dravidian,Telugu,NA,ReddyEtAlGenderVowel2014,ReddyEtAlGenderVowel2014,NA,coronal,short.lag,20.2,yes,male._/a/,voiceless,yes
Dravidian,Telugu,NA,ReddyEtAlGenderVowel2014,ReddyEtAlGenderVowel2014,NA,labial,short.lag,14.93,yes,female._/i/,voiceless,yes
Dravidian,Telugu,NA,ReddyEtAlGenderVowel2014,ReddyEtAlGenderVowel2014,NA,dorsal,short.lag,65.33,yes,male._/u/,voiceless,yes
Dravidian,Telugu,NA,ReddyEtAlGenderVowel2014,ReddyEtAlGenderVowel2014,NA,dorsal,short.lag,31.89,yes,female._/a/,voiceless,yes
Dravidian,Telugu,NA,ReddyEtAlGenderVowel2014,ReddyEtAlGenderVowel2014,NA,coronal,short.lag,22.13,yes,female._/i/,voiceless,yes
Dravidian,Telugu,NA,ReddyEtAlGenderVowel2014,ReddyEtAlGenderVowel2014,NA,dorsal,short.lag,58.45,yes,male._/i/,voiceless,yes
Dravidian,Telugu,NA,ReddyEtAlGenderVowel2014,ReddyEtAlGenderVowel2014,NA,coronal,short.lag,21.66,yes,female._/u/,voiceless,yes
Dravidian,Telugu,NA,ReddyEtAlGenderVowel2014,ReddyEtAlGenderVowel2014,NA,labial,short.lag,28.46,yes,female._/u/,voiceless,yes
Dravidian,Telugu,NA,ReddyEtAlGenderVowel2014,ReddyEtAlGenderVowel2014,NA,dorsal,short.lag,58.96,yes,female._/i/,voiceless,yes
Dravidian,Telugu,NA,ReddyEtAlGenderVowel2014,ReddyEtAlGenderVowel2014,NA,dorsal,short.lag,52.35,yes,female._/u/,voiceless,yes
Dravidian,Telugu,NA,ReddyEtAl2014,NA,NA,labial,short.lag,21.67,yes,male,voiceless,yes
Dravidian,Telugu,NA,ReddyEtAl2014,NA,dental,coronal,short.lag,28.48,yes,male,voiceless,yes
Dravidian,Telugu,NA,ReddyEtAl2014,NA,NA,labial,short.lag,20.2,yes,female,voiceless,yes
Dravidian,Telugu,NA,ReddyEtAl2014,NA,dental,coronal,short.lag,20.83,yes,female,voiceless,yes
Dravidian,Telugu,NA,ReddyEtAlGenderVowel2014,ReddyEtAlGenderVowel2014,NA,dorsal,short.lag,41.5,yes,male._/a/,voiceless,yes
Tai-Kadai,Thai,NA,Inglis2013,LiskerAbramson1964,dental,coronal,long.lag,65,yes,NA,voiceless aspirated,yes
Tai-Kadai,Thai,NA,Inglis2013,LiskerAbramson1964,velar,dorsal,long.lag,100,yes,NA,voiceless aspirated,yes
Tai-Kadai,Thai,NA,Shimizu1989,Shimizu1989,NA,labial,long.lag,73,yes,NA,voiceless aspirated,yes
Tai-Kadai,Thai,NA,Shimizu1989,Shimizu1989,NA,coronal,long.lag,76,yes,NA,voiceless aspirated,yes
Tai-Kadai,Thai,NA,Inglis2013,LiskerAbramson1964,labial,labial,long.lag,64,yes,NA,voiceless aspirated,yes
Tai-Kadai,Thai,NA,Shimizu1989,Shimizu1989,NA,dorsal,long.lag,95,yes,NA,voiceless aspirated,yes
Tai-Kadai,Thai,NA,Inglis2013,LiskerAbramson1964,dental,coronal,short.lag,9,yes,NA,voiceless unaspirated,yes
Tai-Kadai,Thai,NA,Inglis2013,LiskerAbramson1964,velar,dorsal,short.lag,25,yes,NA,voiceless unaspirated,yes
Tai-Kadai,Thai,NA,Inglis2013,LiskerAbramson1964,labial,labial,short.lag,6,yes,NA,voiceless unaspirated,yes
Tai-Kadai,Thai,NA,Shimizu1989,Shimizu1989,NA,labial,short.lag,5,yes,NA,voiceless unaspirated,yes
Tai-Kadai,Thai,NA,Shimizu1989,Shimizu1989,NA,coronal,short.lag,8,yes,NA,voiceless unaspirated,yes
Tai-Kadai,Thai,NA,Shimizu1989,Shimizu1989,NA,dorsal,short.lag,23,yes,NA,voiceless unaspirated,yes
Ticuna,Tikuna,Yari-Tikuna,Carvalho2011,Carvalho2011,NA,labial,lead,-140,yes,CV,voiced,yes
Ticuna,Tikuna,Yari-Tikuna,Carvalho2011,Carvalho2011,NA,dorsal,lead,-131,yes,CV,voiced,yes
Ticuna,Tikuna,Yari-Tikuna,Carvalho2011,Carvalho2011,NA,coronal,lead,-140,yes,CV,voiced,yes
Ticuna,Tikuna,Yari-Tikuna,Carvalho2011,Carvalho2011,NA,dorsal,short.lag,34,yes,CV,voiceless,yes
Ticuna,Tikuna,Yari-Tikuna,Carvalho2011,Carvalho2011,NA,labial,short.lag,6,yes,CV,voiceless,yes
Ticuna,Tikuna,Yari-Tikuna,Carvalho2011,Carvalho2011,NA,coronal,short.lag,10,yes,CV,voiceless,yes
Na-Dene,Tlingit,NA,ChoLadefoged1999,ChoLadefoged1999,dental,coronal,long.lag,120,yes,NA,aspirated,yes
Na-Dene,Tlingit,NA,ChoLadefoged1999,ChoLadefoged1999,velar,dorsal,long.lag,128,yes,NA,aspirated,yes
Na-Dene,Tlingit,NA,ChoLadefoged1999,ChoLadefoged1999,uvular,dorsal,long.lag,128,yes,NA,aspirated,yes
Na-Dene,Tlingit,NA,ChoLadefoged1999,ChoLadefoged1999,alveolar,coronal,short.lag,18,yes,NA,unaspirated,yes
Na-Dene,Tlingit,NA,ChoLadefoged1999,ChoLadefoged1999,velar,dorsal,short.lag,28,yes,NA,unaspirated,yes
Na-Dene,Tlingit,NA,ChoLadefoged1999,ChoLadefoged1999,uvular,dorsal,short.lag,30,yes,NA,unaspirated,yes
Oto-Manguean,Trique,Itunyoso,Dicanio2012,Dicanio2012,velar,dorsal,short.lag,41.22,yes,"initial, monosyll, geminate-like",fortis,no
Oto-Manguean,Trique,Itunyoso,Dicanio2012,Dicanio2012,labiovelar,dorsal,short.lag,40.09,yes,"initial, monosyll, geminate-like",fortis,no
Oto-Manguean,Trique,Itunyoso,Dicanio2012,Dicanio2012,dental,coronal,short.lag,10.53,yes,"initial, monosyll, geminate-like",fortis,no
Oto-Manguean,Trique,Itunyoso,Dicanio2012,Dicanio2012,velar,dorsal,short.lag,34.8,yes,"initial, monosyll",lenis,no
Oto-Manguean,Trique,Itunyoso,Dicanio2012,Dicanio2012,labiovelar,dorsal,short.lag,37.79,yes,"initial, monosyll",lenis,no
Oto-Manguean,Trique,Itunyoso,Dicanio2012,Dicanio2012,dental,coronal,short.lag,13.56,yes,"initial, monosyll",lenis,no
Oto-Manguean,Trique,Itunyoso,Dicanio2012,Dicanio2012,dental,coronal,short.lag,16.71,yes,"initial, disyll",voiceless,no
Oto-Manguean,Trique,Itunyoso,Dicanio2012,Dicanio2012,velar,dorsal,short.lag,34.51,yes,"initial, disyll",voiceless,no
Austronesian,Tsou,NA,ChoLadefoged1999,ChoLadefoged1999,alveolar,coronal,short.lag,17,no,NA,unaspirated,yes
Austronesian,Tsou,NA,ChoLadefoged1999,ChoLadefoged1999,labial,labial,short.lag,11,no,NA,unaspirated,yes
Austronesian,Tsou,NA,ChoLadefoged1999,ChoLadefoged1999,velar,dorsal,short.lag,28,no,NA,unaspirated,yes
Niger-Congo,Tswana,Sengwato,Tlale2005,NA,NA,labial,long.lag,64,yes,"initial, M1",aspirated,yes
Niger-Congo,Tswana,Sengwato,Tlale2005,NA,NA,labial,long.lag,77,yes,"initial, M2",aspirated,yes
Niger-Congo,Tswana,Sengwato,Tlale2005,NA,NA,labial,long.lag,79,yes,"initial, M3",aspirated,yes
Niger-Congo,Tswana,Sengwato,Tlale2005,NA,NA,coronal,long.lag,87,yes,"initial, F2",aspirated,yes
Niger-Congo,Tswana,Sengwato,Tlale2005,NA,NA,coronal,long.lag,50,yes,"initial, F3",aspirated,yes
Niger-Congo,Tswana,Sengwato,Tlale2005,NA,NA,coronal,long.lag,67,yes,"initial, M1",aspirated,yes
Niger-Congo,Tswana,Sengwato,Tlale2005,NA,NA,coronal,long.lag,58,yes,"initial, F1",aspirated,yes
Niger-Congo,Tswana,Sengwato,Tlale2005,NA,NA,coronal,long.lag,78,yes,"initial, M3",aspirated,yes
Niger-Congo,Tswana,Sengwato,Tlale2005,NA,labialized.coronal,coronal,long.lag,64,yes,"initial, F1",aspirated,yes
Niger-Congo,Tswana,Sengwato,Tlale2005,NA,labialized.coronal,coronal,long.lag,105,yes,"initial, F2",aspirated,yes
Niger-Congo,Tswana,Sengwato,Tlale2005,NA,NA,coronal,long.lag,94,yes,"initial, M2",aspirated,yes
Niger-Congo,Tswana,Sengwato,Tlale2005,NA,labialized.coronal,coronal,long.lag,69,yes,"initial, M1",aspirated,yes
Niger-Congo,Tswana,Sengwato,Tlale2005,NA,labialized.coronal,coronal,long.lag,102,yes,"initial, M2",aspirated,yes
Niger-Congo,Tswana,Sengwato,Tlale2005,NA,labialized.coronal,coronal,long.lag,74,yes,"initial, M3",aspirated,yes
Niger-Congo,Tswana,Sengwato,Tlale2005,NA,NA,dorsal,long.lag,72,yes,"initial, F1",aspirated,yes
Niger-Congo,Tswana,Sengwato,Tlale2005,NA,NA,dorsal,long.lag,64,yes,"initial, F2",aspirated,yes
Niger-Congo,Tswana,Sengwato,Tlale2005,NA,NA,dorsal,long.lag,57,yes,"initial, M1",aspirated,yes
Niger-Congo,Tswana,Sengwato,Tlale2005,NA,NA,dorsal,long.lag,96,yes,"initial, M2",aspirated,yes
Niger-Congo,Tswana,Sengwato,Tlale2005,NA,NA,dorsal,long.lag,82,yes,"initial, M3",aspirated,yes
Niger-Congo,Tswana,Sengwato,Tlale2005,NA,labialized.dorsal,dorsal,long.lag,74,yes,"initial, F1",aspirated,yes
Niger-Congo,Tswana,Sengwato,Tlale2005,NA,labialized.dorsal,dorsal,long.lag,78,yes,"initial, F2",aspirated,yes
Niger-Congo,Tswana,Sengwato,Tlale2005,NA,labialized.dorsal,dorsal,long.lag,82,yes,"initial, F3",aspirated,yes
Niger-Congo,Tswana,Sengwato,Tlale2005,NA,labialized.dorsal,dorsal,long.lag,107,yes,"initial, M2",aspirated,yes
Niger-Congo,Tswana,Sengwato,Tlale2005,NA,labialized.coronal,coronal,long.lag,88,yes,"initial, F3",aspirated,yes
Niger-Congo,Tswana,Sengwato,Tlale2005,NA,NA,labial,long.lag,51,yes,"initial, F1",aspirated,yes
Niger-Congo,Tswana,Sengwato,Tlale2005,NA,NA,labial,long.lag,75,yes,"initial, F3",aspirated,yes
Niger-Congo,Tswana,Sengwato,Tlale2005,NA,labialized.dorsal,dorsal,long.lag,67,yes,"initial, M3",aspirated,yes
Niger-Congo,Tswana,Sengwato,Tlale2005,NA,NA,labial,short.lag,6,yes,"initial, M1",unaspirated,yes
Niger-Congo,Tswana,Sengwato,Tlale2005,NA,NA,labial,short.lag,0,yes,"initial, M2",unaspirated,yes
Niger-Congo,Tswana,Sengwato,Tlale2005,NA,NA,coronal,short.lag,2,yes,"initial, F1",unaspirated,yes
Niger-Congo,Tswana,Sengwato,Tlale2005,NA,NA,coronal,short.lag,2,yes,"initial, F2",unaspirated,yes
Niger-Congo,Tswana,Sengwato,Tlale2005,NA,NA,coronal,short.lag,3,yes,"initial, F3",unaspirated,yes
Niger-Congo,Tswana,Sengwato,Tlale2005,NA,NA,labial,short.lag,7,yes,"initial, M3",unaspirated,yes
Niger-Congo,Tswana,Sengwato,Tlale2005,NA,NA,coronal,short.lag,0,yes,"initial, M2",unaspirated,yes
Niger-Congo,Tswana,Sengwato,Tlale2005,NA,NA,coronal,short.lag,5,yes,"initial, M3",unaspirated,yes
Niger-Congo,Tswana,Sengwato,Tlale2005,NA,labialized.coronal,coronal,short.lag,8,yes,"initial, F1",unaspirated,yes
Niger-Congo,Tswana,Sengwato,Tlale2005,NA,NA,coronal,short.lag,1,yes,"initial, M1",unaspirated,yes
Niger-Congo,Tswana,Sengwato,Tlale2005,NA,NA,labial,short.lag,0,yes,"initial, F1",unaspirated,yes
Niger-Congo,Tswana,Sengwato,Tlale2005,NA,NA,labial,short.lag,0,yes,"initial, F3",unaspirated,yes
Niger-Congo,Tswana,Sengwato,Tlale2005,NA,labialized.coronal,coronal,short.lag,5,yes,"initial, M2",unaspirated,yes
Niger-Congo,Tswana,Sengwato,Tlale2005,NA,labialized.coronal,coronal,short.lag,2,yes,"initial, M3",unaspirated,yes
Niger-Congo,Tswana,Sengwato,Tlale2005,NA,NA,dorsal,short.lag,8,yes,"initial, F1",unaspirated,yes
Niger-Congo,Tswana,Sengwato,Tlale2005,NA,NA,dorsal,short.lag,11,yes,"initial, F2",unaspirated,yes
Niger-Congo,Tswana,Sengwato,Tlale2005,NA,NA,dorsal,short.lag,10,yes,"initial, F3",unaspirated,yes
Niger-Congo,Tswana,Sengwato,Tlale2005,NA,NA,dorsal,short.lag,14,yes,"initial, M1",unaspirated,yes
Niger-Congo,Tswana,Sengwato,Tlale2005,NA,NA,dorsal,short.lag,7,yes,"initial, M2",unaspirated,yes
Niger-Congo,Tswana,Sengwato,Tlale2005,NA,NA,dorsal,short.lag,9,yes,"initial, M3",unaspirated,yes
Niger-Congo,Tswana,Sengwato,Tlale2005,NA,labialized.dorsal,dorsal,short.lag,14,yes,"initial, F1",unaspirated,yes
Niger-Congo,Tswana,Sengwato,Tlale2005,NA,labialized.dorsal,dorsal,short.lag,32,yes,"initial, F2",unaspirated,yes
Niger-Congo,Tswana,Sengwato,Tlale2005,NA,labialized.dorsal,dorsal,short.lag,17,yes,"initial, F3",unaspirated,yes
Niger-Congo,Tswana,Sengwato,Tlale2005,NA,labialized.dorsal,dorsal,short.lag,13,yes,"initial, M1",unaspirated,yes
Niger-Congo,Tswana,Sengwato,Tlale2005,NA,labialized.dorsal,dorsal,short.lag,14,yes,"initial, M2",unaspirated,yes
Niger-Congo,Tswana,Sengwato,Tlale2005,NA,labialized.dorsal,dorsal,short.lag,13,yes,"initial, M3",unaspirated,yes
Niger-Congo,Tswana,Sengwato,Tlale2005,NA,labialized.coronal,coronal,short.lag,7,yes,"initial, M1",unaspirated,yes
Niger-Congo,Tswana,Sengwato,Tlale2005,NA,labialized.coronal,coronal,short.lag,5,yes,"initial, F2",unaspirated,yes
Niger-Congo,Tswana,Sengwato,Tlale2005,NA,labialized.coronal,coronal,short.lag,2,yes,"initial, F3",unaspirated,yes
Altaic,Turkish,NA,OgutEtAl2006,OgutEtAl2006,NA,labial,lead,-54.9,yes,female,voiced,yes
Altaic,Turkish,NA,OgutEtAl2006,OgutEtAl2006,NA,labial,lead,-77,yes,male,voiced,yes
Altaic,Turkish,NA,OgutEtAl2006,OgutEtAl2006,NA,coronal,lead,-51.8,yes,female,voiced,yes
Altaic,Turkish,NA,OgutEtAl2006,OgutEtAl2006,NA,coronal,lead,-54,yes,male,voiced,yes
Altaic,Turkish,NA,OgutEtAl2006,OgutEtAl2006,NA,dorsal,lead,-8.3,yes,female,voiced,yes
Altaic,Turkish,NA,OgutEtAl2006,OgutEtAl2006,NA,dorsal,lead,-11.2,yes,male,voiced,yes
Altaic,Turkish,NA,OgutEtAl2006,OgutEtAl2006,NA,labial,long.lag,45.3,yes,female,voiceless,yes
Altaic,Turkish,NA,OgutEtAl2006,OgutEtAl2006,NA,labial,long.lag,36.2,yes,male,voiceless,yes
Altaic,Turkish,NA,OgutEtAl2006,OgutEtAl2006,NA,coronal,long.lag,48.6,yes,male,voiceless,yes
Altaic,Turkish,NA,OgutEtAl2006,OgutEtAl2006,NA,coronal,long.lag,50.8,yes,female,voiceless,yes
Altaic,Turkish,NA,OgutEtAl2006,OgutEtAl2006,NA,dorsal,long.lag,69.8,yes,male,voiceless,yes
Altaic,Turkish,NA,OgutEtAl2006,OgutEtAl2006,NA,dorsal,long.lag,68.9,yes,female,voiceless,yes
Mayan,Tzutujil,NA,Bennett2010,Bennett2010,NA,dorsal,short.lag,31,no,onset,plain,yes
Mayan,Tzutujil,NA,Bennett2010,Bennett2010,NA,dorsal,short.lag,27,no,onset,plain,yes
Mayan,Tzutujil,NA,Bennett2010,Bennett2010,NA,labial,short.lag,12,no,onset,plain,yes
Mayan,Tzutujil,NA,Bennett2010,Bennett2010,NA,coronal,short.lag,17,no,onset,plain,yes
Nakh-Daghestanian,Udi,NA,Ganenkov,Ganenkov,NA,dorsal,long.lag,60,yes,NA,aspirated,yes
Nakh-Daghestanian,Udi,NA,Ganenkov,Ganenkov,NA,labial,long.lag,53,yes,NA,aspirated,yes
Nakh-Daghestanian,Udi,NA,Ganenkov,Ganenkov,NA,coronal,long.lag,54,yes,NA,aspirated,yes
Nakh-Daghestanian,Udi,NA,Ganenkov,Ganenkov,NA,dorsal,long.lag,68,yes,NA,aspirated,yes
Uto-Aztecan,Ute,Southern,Oberly2008,NA,uvular,dorsal,short.lag,7,no,NA,voiceless,yes
Uto-Aztecan,Ute,Southern,Oberly2008,NA,labial,labial,short.lag,6,no,NA,voiceless,yes
Uto-Aztecan,Ute,Southern,Oberly2008,NA,coronal,coronal,short.lag,14,no,NA,voiceless,yes
Uto-Aztecan,Ute,Southern,Oberly2008,NA,dorsal,dorsal,short.lag,29,no,NA,voiceless,yes
Tucanoan,Waimaha,NA,StevensHajek2004,StevensHajek2004,NA,dorsal,long.lag,103,yes,NA,aspirated,yes
Tucanoan,Waimaha,NA,StevensHajek2004,StevensHajek2004,NA,dorsal,long.lag,60,yes,NA,aspirated,yes
Tucanoan,Waimaha,NA,StevensHajek2004,StevensHajek2004,NA,coronal,long.lag,96,yes,NA,aspirated,yes
Tucanoan,Waimaha,NA,StevensHajek2004,StevensHajek2004,NA,dorsal,short.lag,22,yes,NA,unaspirated,yes
Tucanoan,Waimaha,NA,StevensHajek2004,StevensHajek2004,NA,coronal,short.lag,22,yes,NA,unaspirated,yes
Chapacura-Wanham,Wari',NA,ChoLadefoged1999,ChoLadefoged1999,bilabial,labial,short.lag,19,no,NA,unaspirated,yes
Chapacura-Wanham,Wari',NA,ChoLadefoged1999,ChoLadefoged1999,dental,coronal,short.lag,26,no,NA,unaspirated,yes
Chapacura-Wanham,Wari',NA,ChoLadefoged1999,ChoLadefoged1999,velar,dorsal,short.lag,54,no,NA,unaspirated,yes
Pama-Nyungan,Warlpiri,NA,Lo2010,NA,apicoalveolar,coronal,short.lag,25.38,no,NA,voiceless,yes
Pama-Nyungan,Warlpiri,NA,Lo2010,NA,bilabial,labial,short.lag,26.5,no,NA,voiceless,yes
Pama-Nyungan,Warlpiri,NA,Lo2010,NA,laminopalatal,dorsal,short.lag,53.36,no,NA,voiceless,yes
Pama-Nyungan,Warlpiri,NA,Lo2010,NA,retroflex,coronal,short.lag,13.94,no,NA,voiceless,yes
Pama-Nyungan,Warlpiri,NA,Lo2010,NA,dorsovelar,dorsal,short.lag,35.73,no,NA,voiceless,yes
Indo-European,Welsh,Patagonia,Sleeper2016,NA,NA,labial,short.lag,17,yes,NA,voiceless,yes
Indo-European,Welsh,Patagonia,Sleeper2016,NA,NA,coronal,short.lag,40,yes,NA,voiceless,yes
Indo-European,Welsh,Patagonia,Sleeper2016,NA,NA,dorsal,short.lag,36,yes,NA,voiceless,yes
Indo-European,Welsh,Wales,Sleeper2016,NA,NA,coronal,long.lag,55,yes,NA,voiceless,yes
Indo-European,Welsh,Wales,Sleeper2016,NA,NA,dorsal,long.lag,49,yes,NA,voiceless,yes
Indo-European,Welsh,Wales,Sleeper2016,NA,NA,labial,long.lag,31,yes,NA,voiceless,yes
Sino-Tibetan,Wu (Shanghainese),NA,GaoEtAl2011,NA,NA,labial,long.lag,117,yes,NA,aspirated,yes
Sino-Tibetan,Wu (Shanghainese),NA,GaoEtAl2011,NA,NA,coronal,long.lag,101,yes,NA,aspirated,yes
Sino-Tibetan,Wu (Shanghainese),NA,GaoEtAl2011,NA,dental,coronal,short.lag,20,yes,NA,unaspirated,yes
Sino-Tibetan,Wu (Shanghainese),NA,GaoEtAl2011,NA,bilabial,labial,short.lag,10,yes,NA,unaspirated,yes
Niger-Congo,Xhosa,NA,VanderStouwe2009,NA,alveolar,coronal,long.lag,102,yes,NA,aspirated,yes
Niger-Congo,Xhosa,NA,VanderStouwe2009,NA,bilabial,labial,long.lag,92,yes,NA,aspirated,yes
Niger-Congo,Xhosa,NA,VanderStouwe2009,NA,velar,dorsal,long.lag,96,yes,NA,aspirated,yes
Niger-Congo,Xhosa,NA,VanderStouwe2009,NA,palatal,dorsal,long.lag,114,yes,NA,aspirated,yes
Niger-Congo,Xhosa,NA,VanderStouwe2009,NA,bilabial,labial,short.lag,10,yes,NA,voiced,yes
Niger-Congo,Xhosa,NA,VanderStouwe2009,NA,alveolar,coronal,short.lag,11,yes,NA,voiced,yes
Niger-Congo,Xhosa,NA,VanderStouwe2009,NA,palatal,dorsal,short.lag,58,yes,NA,voiced,yes
Niger-Congo,Xhosa,NA,VanderStouwe2009,NA,velar,dorsal,short.lag,-5,yes,NA,voiced,yes
Pama-Nyungan,Yan-Nhangu,NA,Lo2010,NA,laminopalatal,dorsal,short.lag,33.81,yes,NA,voiceless,yes
Pama-Nyungan,Yan-Nhangu,NA,Lo2010,NA,bilabial,labial,short.lag,27.29,yes,NA,voiceless,yes
Pama-Nyungan,Yan-Nhangu,NA,Lo2010,NA,laminodental,coronal,short.lag,26.81,yes,NA,voiceless,yes
Pama-Nyungan,Yan-Nhangu,NA,Lo2010,NA,apicoalveolar,coronal,short.lag,25.17,yes,NA,voiceless,yes
Pama-Nyungan,Yan-Nhangu,NA,Lo2010,NA,retroflex,coronal,short.lag,16.31,yes,NA,voiceless,yes
Pama-Nyungan,Yan-Nhangu,NA,Lo2010,NA,dorsovelar,dorsal,short.lag,29.85,yes,NA,voiceless,yes
Austronesian,Yapese,NA,ChoLadefoged1999,ChoLadefoged1999,alveolar,coronal,short.lag,22,yes,NA,unaspirated,yes
Austronesian,Yapese,NA,ChoLadefoged1999,ChoLadefoged1999,velar,dorsal,short.lag,56,yes,NA,unaspirated,yes
Austronesian,Yapese,NA,ChoLadefoged1999,ChoLadefoged1999,bilabial,labial,short.lag,20,yes,NA,unaspirated,yes
Mayan,Yukateko Maya,NA,BurnettDeas2009,NA,NA,labial,long.lag,25,no,word.initial,voiceless,yes
Mayan,Yukateko Maya,NA,BurnettDeas2009,NA,NA,coronal,long.lag,18,no,word.initial,voiceless,yes
Mayan,Yukateko Maya,NA,BurnettDeas2009,NA,NA,dorsal,long.lag,64,no,word.initial,voiceless,yes
Oto-Manguean,Zapotec (Yalalag),NA,Avelino2004,Avelino2001,NA,labial,short.lag,15,yes,NA,voiceless unaspirated,yes
Oto-Manguean,Zapotec (Yalalag),NA,Avelino2004,Avelino2001,NA,coronal,short.lag,27,yes,NA,voiceless unaspirated,yes
Oto-Manguean,Zapotec (Yalalag),NA,Avelino2004,Avelino2001,plain.velar,dorsal,short.lag,39,yes,NA,voiceless unaspirated,yes
Oto-Manguean,Zapotec (Yalalag),NA,Avelino2004,Avelino2001,labialized.velar,dorsal,short.lag,52,yes,NA,voiceless unaspirated,yes
Oto-Manguean,Zapotec (Yalalag),NA,Avelino2004,Avelino2001,NA,labial,lead,-90,yes,NA,voiced,yes
Oto-Manguean,Zapotec (Yalalag),NA,Avelino2004,Avelino2001,NA,dorsal,lead,-130,yes,NA,voiced,yes
Oto-Manguean,Zapotec (Yalalag),NA,Avelino2004,Avelino2001,NA,coronal,lead,-106,yes,NA,voiced,yes
Niger-Congo,Zulu,NA,Midtlyng,Midtlyng,NA,labial,long.lag,66.56,yes,fast,aspirated,yes
Niger-Congo,Zulu,NA,Midtlyng,Midtlyng,NA,coronal,long.lag,80.2,yes,slow,aspirated,yes
Niger-Congo,Zulu,NA,Midtlyng,Midtlyng,NA,labial,long.lag,76.81,yes,slow,aspirated,yes
Niger-Congo,Zulu,NA,Midtlyng,Midtlyng,NA,coronal,long.lag,75.89,yes,isolated,aspirated,yes
Niger-Congo,Zulu,NA,Midtlyng,Midtlyng,NA,labial,long.lag,50.85,yes,isolated,aspirated,yes
Niger-Congo,Zulu,NA,Midtlyng,Midtlyng,NA,coronal,long.lag,75.49,yes,fast,aspirated,yes
Niger-Congo,Zulu,NA,Midtlyng,Midtlyng,NA,dorsal,long.lag,85.13,yes,isolated,aspirated,yes
Niger-Congo,Zulu,NA,Midtlyng,Midtlyng,NA,dorsal,long.lag,69.5,yes,fast,aspirated,yes
Niger-Congo,Zulu,NA,Midtlyng,Midtlyng,NA,dorsal,long.lag,92.15,yes,slow,aspirated,yes
Niger-Congo,Zulu,NA,Midtlyng,Midtlyng,NA,labial,short.lag,10.27,yes,isolated,unaspirated,yes
Niger-Congo,Zulu,NA,Midtlyng,Midtlyng,NA,labial,short.lag,12.06,yes,slow,unaspirated,yes
Niger-Congo,Zulu,NA,Midtlyng,Midtlyng,NA,labial,short.lag,16.27,yes,fast,unaspirated,yes
Niger-Congo,Zulu,NA,Midtlyng,Midtlyng,NA,coronal,short.lag,11.08,yes,fast,unaspirated,yes
Niger-Congo,Zulu,NA,Midtlyng,Midtlyng,NA,dorsal,short.lag,36.96,yes,slow,unaspirated,yes
Niger-Congo,Zulu,NA,Midtlyng,Midtlyng,NA,coronal,short.lag,11.59,yes,isolated,unaspirated,yes
Niger-Congo,Zulu,NA,Midtlyng,Midtlyng,NA,coronal,short.lag,9.69,yes,slow,unaspirated,yes
Niger-Congo,Zulu,NA,Midtlyng,Midtlyng,NA,dorsal,short.lag,23.87,yes,isolated,unaspirated,yes
Niger-Congo,Zulu,NA,Midtlyng,Midtlyng,NA,dorsal,short.lag,19.66,yes,fast,unaspirated,yes